
> @figma/my-make-file@0.0.1 dev
> vite


  VITE v6.4.2  ready in 207 ms

  ➜  Local:   http://localhost:5173/
  ➜  Network: use --host to expose
2:17:50 PM [vite] (client) page reload src/api/revaluation.ts
2:22:49 PM [vite] (client) page reload src/types/inspection.ts
2:22:49 PM [vite] (client) page reload src/api/inspection.ts
2:23:06 PM [vite] (client) page reload src/types/inspection.ts
2:23:38 PM [vite] (client) page reload src/api/inspection.ts
2:26:02 PM [vite] (client) page reload src/api/inspection.ts
2:31:14 PM [vite] (client) page reload src/types/inspection.ts
2:31:53 PM [vite] (client) page reload src/app/routes/AppRoutes.tsx
2:32:14 PM [vite] (client) page reload src/app/routes/AppRoutes.tsx
2:47:28 PM [vite] (client) page reload src/types/inspection.ts
2:47:51 PM [vite] Internal server error: Failed to resolve import "../pages/maintenance/execution/MaintenanceExecutionPage" from "src/app/routes/AppRoutes.tsx". Does the file exist?
  Plugin: vite:import-analysis
  File: /Users/feigao/project/Project/forthAMS/frontend/src/app/routes/AppRoutes.tsx:217:11
  144|  const MaintenanceExecutionPage = withSuspense(
  145|    _c43 = lazy(
  146|      _c42 = () => import("../pages/maintenance/execution/MaintenanceExecutionPage").then((module) => ({
     |                          ^
  147|        default: module.MaintenanceExecutionPage
  148|      }))
      at TransformPluginContext._formatLog (file:///Users/feigao/project/Project/forthAMS/frontend/node_modules/vite/dist/node/chunks/dep-Dq2t6Dq0.js:42553:41)
      at TransformPluginContext.error (file:///Users/feigao/project/Project/forthAMS/frontend/node_modules/vite/dist/node/chunks/dep-Dq2t6Dq0.js:42550:16)
      at normalizeUrl (file:///Users/feigao/project/Project/forthAMS/frontend/node_modules/vite/dist/node/chunks/dep-Dq2t6Dq0.js:40529:23)
      at process.processTicksAndRejections (node:internal/process/task_queues:103:5)
      at async file:///Users/feigao/project/Project/forthAMS/frontend/node_modules/vite/dist/node/chunks/dep-Dq2t6Dq0.js:40648:37
      at async Promise.all (index 17)
      at async TransformPluginContext.transform (file:///Users/feigao/project/Project/forthAMS/frontend/node_modules/vite/dist/node/chunks/dep-Dq2t6Dq0.js:40575:7)
      at async EnvironmentPluginContainer.transform (file:///Users/feigao/project/Project/forthAMS/frontend/node_modules/vite/dist/node/chunks/dep-Dq2t6Dq0.js:42348:18)
      at async loadAndTransform (file:///Users/feigao/project/Project/forthAMS/frontend/node_modules/vite/dist/node/chunks/dep-Dq2t6Dq0.js:35740:27)
2:48:26 PM [vite] (client) page reload src/api/inspection.ts
2:49:27 PM [vite] (client) page reload src/pages/inspection/InspectionTemplateListPage.tsx
2:50:41 PM [vite] (client) hmr update /src/router/index.tsx, /src/styles/index.css
3:01:52 PM [vite] (client) hmr update /src/router/index.tsx, /src/styles/index.css
3:05:41 PM [vite] (client) ✨ new dependencies optimized: react-hook-form, @hookform/resolvers/zod, zod, sonner, @radix-ui/react-slot, class-variance-authority, motion/react
3:05:41 PM [vite] (client) ✨ optimized dependencies changed. reloading
3:05:49 PM [vite] (client) ✨ new dependencies optimized: cmdk, @radix-ui/react-dialog
3:05:49 PM [vite] (client) ✨ optimized dependencies changed. reloading
3:05:52 PM [vite] (client) ✨ new dependencies optimized: recharts
3:05:52 PM [vite] (client) ✨ optimized dependencies changed. reloading
3:06:01 PM [vite] (client) ✨ new dependencies optimized: @radix-ui/react-select
3:06:01 PM [vite] (client) ✨ optimized dependencies changed. reloading
3:06:27 PM [vite] (client) ✨ new dependencies optimized: antd, @ant-design/icons
3:06:27 PM [vite] (client) ✨ optimized dependencies changed. reloading
3:07:37 PM [vite] (client) page reload src/app/routes/AppRoutes.tsx
3:08:00 PM [vite] (client) page reload src/app/routes/AppRoutes.tsx
3:08:04 PM [vite] http proxy error: /api/idle-assets/list
AggregateError [ECONNREFUSED]: 
    at internalConnectMultiple (node:net:1134:18)
    at afterConnectMultiple (node:net:1715:7)
3:08:04 PM [vite] http proxy error: /api/notifications/unread-count
AggregateError [ECONNREFUSED]: 
    at internalConnectMultiple (node:net:1134:18)
    at afterConnectMultiple (node:net:1715:7)
3:08:05 PM [vite] http proxy error: /api/idle-assets/list
AggregateError [ECONNREFUSED]: 
    at internalConnectMultiple (node:net:1134:18)
    at afterConnectMultiple (node:net:1715:7)
3:08:11 PM [vite] http proxy error: /api/notifications/unread-count
AggregateError [ECONNREFUSED]: 
    at internalConnectMultiple (node:net:1134:18)
    at afterConnectMultiple (node:net:1715:7)
3:08:12 PM [vite] http proxy error: /api/dashboard/stats
AggregateError [ECONNREFUSED]: 
    at internalConnectMultiple (node:net:1134:18)
    at afterConnectMultiple (node:net:1715:7)
3:08:12 PM [vite] http proxy error: /api/dashboard/trends?days=360
AggregateError [ECONNREFUSED]: 
    at internalConnectMultiple (node:net:1134:18)
    at afterConnectMultiple (node:net:1715:7)
3:08:12 PM [vite] http proxy error: /api/dashboard/dept-distribution
AggregateError [ECONNREFUSED]: 
    at internalConnectMultiple (node:net:1134:18)
    at afterConnectMultiple (node:net:1715:7)
3:08:12 PM [vite] http proxy error: /api/dashboard/maintenance-stats
AggregateError [ECONNREFUSED]: 
    at internalConnectMultiple (node:net:1134:18)
    at afterConnectMultiple (node:net:1715:7)
3:08:12 PM [vite] http proxy error: /api/reports/by-category
AggregateError [ECONNREFUSED]: 
    at internalConnectMultiple (node:net:1134:18)
    at afterConnectMultiple (node:net:1715:7)
3:08:12 PM [vite] http proxy error: /api/reports/summary
AggregateError [ECONNREFUSED]: 
    at internalConnectMultiple (node:net:1134:18)
    at afterConnectMultiple (node:net:1715:7)
3:08:41 PM [vite] http proxy error: /api/dashboard/stats
AggregateError [ECONNREFUSED]: 
    at internalConnectMultiple (node:net:1134:18)
    at afterConnectMultiple (node:net:1715:7)
3:08:41 PM [vite] http proxy error: /api/dashboard/trends?days=365
AggregateError [ECONNREFUSED]: 
    at internalConnectMultiple (node:net:1134:18)
    at afterConnectMultiple (node:net:1715:7)
3:08:41 PM [vite] http proxy error: /api/dashboard/dept-distribution
AggregateError [ECONNREFUSED]: 
    at internalConnectMultiple (node:net:1134:18)
    at afterConnectMultiple (node:net:1715:7)
3:08:41 PM [vite] http proxy error: /api/workorders?page=1&pageSize=5
AggregateError [ECONNREFUSED]: 
    at internalConnectMultiple (node:net:1134:18)
    at afterConnectMultiple (node:net:1715:7)
3:08:41 PM [vite] http proxy error: /api/dashboard/maintenance-stats
AggregateError [ECONNREFUSED]: 
    at internalConnectMultiple (node:net:1134:18)
    at afterConnectMultiple (node:net:1715:7)
3:08:42 PM [vite] http proxy error: /api/dashboard/trends?days=360
AggregateError [ECONNREFUSED]: 
    at internalConnectMultiple (node:net:1134:18)
    at afterConnectMultiple (node:net:1715:7)
3:08:42 PM [vite] http proxy error: /api/reports/by-category
AggregateError [ECONNREFUSED]: 
    at internalConnectMultiple (node:net:1134:18)
    at afterConnectMultiple (node:net:1715:7)
3:08:42 PM [vite] http proxy error: /api/reports/summary
AggregateError [ECONNREFUSED]: 
    at internalConnectMultiple (node:net:1134:18)
    at afterConnectMultiple (node:net:1715:7)
3:08:42 PM [vite] http proxy error: /api/dashboard/dept-distribution
AggregateError [ECONNREFUSED]: 
    at internalConnectMultiple (node:net:1134:18)
    at afterConnectMultiple (node:net:1715:7)
3:08:42 PM [vite] http proxy error: /api/dashboard/stats
AggregateError [ECONNREFUSED]: 
    at internalConnectMultiple (node:net:1134:18)
    at afterConnectMultiple (node:net:1715:7)
3:08:42 PM [vite] http proxy error: /api/dashboard/maintenance-stats
AggregateError [ECONNREFUSED]: 
    at internalConnectMultiple (node:net:1134:18)
    at afterConnectMultiple (node:net:1715:7)
3:08:43 PM [vite] http proxy error: /api/dashboard/trends?days=360
AggregateError [ECONNREFUSED]: 
    at internalConnectMultiple (node:net:1134:18)
    at afterConnectMultiple (node:net:1715:7)
3:08:43 PM [vite] http proxy error: /api/reports/by-category
AggregateError [ECONNREFUSED]: 
    at internalConnectMultiple (node:net:1134:18)
    at afterConnectMultiple (node:net:1715:7)
3:08:43 PM [vite] http proxy error: /api/reports/summary
AggregateError [ECONNREFUSED]: 
    at internalConnectMultiple (node:net:1134:18)
    at afterConnectMultiple (node:net:1715:7)
3:09:04 PM [vite] http proxy error: /api/notifications/unread-count
AggregateError [ECONNREFUSED]: 
    at internalConnectMultiple (node:net:1134:18)
    at afterConnectMultiple (node:net:1715:7)
3:09:10 PM [vite] (client) page reload src/pages/inspection/InspectionRecordListPage.tsx
3:09:10 PM [vite] http proxy error: /api/dashboard/stats
AggregateError [ECONNREFUSED]: 
    at internalConnectMultiple (node:net:1134:18)
    at afterConnectMultiple (node:net:1715:7)
3:09:10 PM [vite] http proxy error: /api/dashboard/trends?days=360
AggregateError [ECONNREFUSED]: 
    at internalConnectMultiple (node:net:1134:18)
    at afterConnectMultiple (node:net:1715:7)
3:09:10 PM [vite] http proxy error: /api/dashboard/maintenance-stats
AggregateError [ECONNREFUSED]: 
    at internalConnectMultiple (node:net:1134:18)
    at afterConnectMultiple (node:net:1715:7)
3:09:10 PM [vite] http proxy error: /api/reports/by-category
AggregateError [ECONNREFUSED]: 
    at internalConnectMultiple (node:net:1134:18)
    at afterConnectMultiple (node:net:1715:7)
3:09:10 PM [vite] http proxy error: /api/dashboard/dept-distribution
AggregateError [ECONNREFUSED]: 
    at internalConnectMultiple (node:net:1134:18)
    at afterConnectMultiple (node:net:1715:7)
3:09:10 PM [vite] http proxy error: /api/reports/summary
AggregateError [ECONNREFUSED]: 
    at internalConnectMultiple (node:net:1134:18)
    at afterConnectMultiple (node:net:1715:7)
3:09:10 PM [vite] http proxy error: /api/notifications/unread-count
AggregateError [ECONNREFUSED]: 
    at internalConnectMultiple (node:net:1134:18)
    at afterConnectMultiple (node:net:1715:7)
3:09:10 PM [vite] http proxy error: /api/dashboard/trends?days=360
AggregateError [ECONNREFUSED]: 
    at internalConnectMultiple (node:net:1134:18)
    at afterConnectMultiple (node:net:1715:7)
3:09:10 PM [vite] http proxy error: /api/dashboard/dept-distribution
AggregateError [ECONNREFUSED]: 
    at internalConnectMultiple (node:net:1134:18)
    at afterConnectMultiple (node:net:1715:7)
3:09:10 PM [vite] http proxy error: /api/dashboard/stats
AggregateError [ECONNREFUSED]: 
    at internalConnectMultiple (node:net:1134:18)
    at afterConnectMultiple (node:net:1715:7)
3:09:10 PM [vite] http proxy error: /api/dashboard/maintenance-stats
AggregateError [ECONNREFUSED]: 
    at internalConnectMultiple (node:net:1134:18)
    at afterConnectMultiple (node:net:1715:7)
3:09:10 PM [vite] http proxy error: /api/reports/by-category
AggregateError [ECONNREFUSED]: 
    at internalConnectMultiple (node:net:1134:18)
    at afterConnectMultiple (node:net:1715:7)
3:09:10 PM [vite] http proxy error: /api/reports/summary
AggregateError [ECONNREFUSED]: 
    at internalConnectMultiple (node:net:1134:18)
    at afterConnectMultiple (node:net:1715:7)
3:09:10 PM [vite] http proxy error: /api/notifications/unread-count
AggregateError [ECONNREFUSED]: 
    at internalConnectMultiple (node:net:1134:18)
    at afterConnectMultiple (node:net:1715:7)
3:09:11 PM [vite] http proxy error: /api/dashboard/stats
AggregateError [ECONNREFUSED]: 
    at internalConnectMultiple (node:net:1134:18)
    at afterConnectMultiple (node:net:1715:7)
3:09:11 PM [vite] http proxy error: /api/dashboard/maintenance-stats
AggregateError [ECONNREFUSED]: 
    at internalConnectMultiple (node:net:1134:18)
    at afterConnectMultiple (node:net:1715:7)
3:09:11 PM [vite] http proxy error: /api/reports/by-category
AggregateError [ECONNREFUSED]: 
    at internalConnectMultiple (node:net:1134:18)
    at afterConnectMultiple (node:net:1715:7)
3:09:11 PM [vite] http proxy error: /api/dashboard/dept-distribution
AggregateError [ECONNREFUSED]: 
    at internalConnectMultiple (node:net:1134:18)
    at afterConnectMultiple (node:net:1715:7)
3:09:11 PM [vite] http proxy error: /api/reports/summary
AggregateError [ECONNREFUSED]: 
    at internalConnectMultiple (node:net:1134:18)
    at afterConnectMultiple (node:net:1715:7)
3:09:11 PM [vite] http proxy error: /api/dashboard/trends?days=360
AggregateError [ECONNREFUSED]: 
    at internalConnectMultiple (node:net:1134:18)
    at afterConnectMultiple (node:net:1715:7)
3:10:10 PM [vite] http proxy error: /api/notifications/unread-count
AggregateError [ECONNREFUSED]: 
    at internalConnectMultiple (node:net:1134:18)
    at afterConnectMultiple (node:net:1715:7)
3:10:46 PM [vite] (client) page reload src/types/inspection.ts
3:10:47 PM [vite] http proxy error: /api/dashboard/stats
AggregateError [ECONNREFUSED]: 
    at internalConnectMultiple (node:net:1134:18)
    at afterConnectMultiple (node:net:1715:7)
3:10:47 PM [vite] http proxy error: /api/dashboard/trends?days=360
AggregateError [ECONNREFUSED]: 
    at internalConnectMultiple (node:net:1134:18)
    at afterConnectMultiple (node:net:1715:7)
3:10:47 PM [vite] http proxy error: /api/dashboard/dept-distribution
AggregateError [ECONNREFUSED]: 
    at internalConnectMultiple (node:net:1134:18)
    at afterConnectMultiple (node:net:1715:7)
3:10:47 PM [vite] http proxy error: /api/reports/by-category
AggregateError [ECONNREFUSED]: 
    at internalConnectMultiple (node:net:1134:18)
    at afterConnectMultiple (node:net:1715:7)
3:10:47 PM [vite] http proxy error: /api/dashboard/maintenance-stats
AggregateError [ECONNREFUSED]: 
    at internalConnectMultiple (node:net:1134:18)
    at afterConnectMultiple (node:net:1715:7)
3:10:47 PM [vite] http proxy error: /api/reports/summary
AggregateError [ECONNREFUSED]: 
    at internalConnectMultiple (node:net:1134:18)
    at afterConnectMultiple (node:net:1715:7)
3:10:47 PM [vite] http proxy error: /api/notifications/unread-count
AggregateError [ECONNREFUSED]: 
    at internalConnectMultiple (node:net:1134:18)
    at afterConnectMultiple (node:net:1715:7)
3:10:47 PM [vite] http proxy error: /api/dashboard/stats
AggregateError [ECONNREFUSED]: 
    at internalConnectMultiple (node:net:1134:18)
    at afterConnectMultiple (node:net:1715:7)
3:10:47 PM [vite] http proxy error: /api/dashboard/trends?days=360
AggregateError [ECONNREFUSED]: 
    at internalConnectMultiple (node:net:1134:18)
    at afterConnectMultiple (node:net:1715:7)
3:10:47 PM [vite] http proxy error: /api/dashboard/dept-distribution
AggregateError [ECONNREFUSED]: 
    at internalConnectMultiple (node:net:1134:18)
    at afterConnectMultiple (node:net:1715:7)
3:10:47 PM [vite] http proxy error: /api/reports/by-category
AggregateError [ECONNREFUSED]: 
    at internalConnectMultiple (node:net:1134:18)
    at afterConnectMultiple (node:net:1715:7)
3:10:47 PM [vite] http proxy error: /api/dashboard/maintenance-stats
AggregateError [ECONNREFUSED]: 
    at internalConnectMultiple (node:net:1134:18)
    at afterConnectMultiple (node:net:1715:7)
3:10:47 PM [vite] http proxy error: /api/reports/summary
AggregateError [ECONNREFUSED]: 
    at internalConnectMultiple (node:net:1134:18)
    at afterConnectMultiple (node:net:1715:7)
3:10:47 PM [vite] http proxy error: /api/notifications/unread-count
AggregateError [ECONNREFUSED]: 
    at internalConnectMultiple (node:net:1134:18)
    at afterConnectMultiple (node:net:1715:7)
3:10:48 PM [vite] http proxy error: /api/dashboard/trends?days=360
AggregateError [ECONNREFUSED]: 
    at internalConnectMultiple (node:net:1134:18)
    at afterConnectMultiple (node:net:1715:7)
3:10:48 PM [vite] http proxy error: /api/dashboard/dept-distribution
AggregateError [ECONNREFUSED]: 
    at internalConnectMultiple (node:net:1134:18)
    at afterConnectMultiple (node:net:1715:7)
3:10:48 PM [vite] http proxy error: /api/reports/by-category
AggregateError [ECONNREFUSED]: 
    at internalConnectMultiple (node:net:1134:18)
    at afterConnectMultiple (node:net:1715:7)
3:10:48 PM [vite] http proxy error: /api/dashboard/stats
AggregateError [ECONNREFUSED]: 
    at internalConnectMultiple (node:net:1134:18)
    at afterConnectMultiple (node:net:1715:7)
3:10:48 PM [vite] http proxy error: /api/dashboard/maintenance-stats
AggregateError [ECONNREFUSED]: 
    at internalConnectMultiple (node:net:1134:18)
    at afterConnectMultiple (node:net:1715:7)
3:10:48 PM [vite] http proxy error: /api/reports/summary
AggregateError [ECONNREFUSED]: 
    at internalConnectMultiple (node:net:1134:18)
    at afterConnectMultiple (node:net:1715:7)
3:11:13 PM [vite] (client) page reload src/api/inspection.ts
3:11:14 PM [vite] http proxy error: /api/dashboard/stats
AggregateError [ECONNREFUSED]: 
    at internalConnectMultiple (node:net:1134:18)
    at afterConnectMultiple (node:net:1715:7)
3:11:14 PM [vite] http proxy error: /api/dashboard/trends?days=360
AggregateError [ECONNREFUSED]: 
    at internalConnectMultiple (node:net:1134:18)
    at afterConnectMultiple (node:net:1715:7)
3:11:14 PM [vite] http proxy error: /api/dashboard/maintenance-stats
AggregateError [ECONNREFUSED]: 
    at internalConnectMultiple (node:net:1134:18)
    at afterConnectMultiple (node:net:1715:7)
3:11:14 PM [vite] http proxy error: /api/reports/by-category
AggregateError [ECONNREFUSED]: 
    at internalConnectMultiple (node:net:1134:18)
    at afterConnectMultiple (node:net:1715:7)
3:11:14 PM [vite] http proxy error: /api/dashboard/dept-distribution
AggregateError [ECONNREFUSED]: 
    at internalConnectMultiple (node:net:1134:18)
    at afterConnectMultiple (node:net:1715:7)
3:11:14 PM [vite] http proxy error: /api/reports/summary
AggregateError [ECONNREFUSED]: 
    at internalConnectMultiple (node:net:1134:18)
    at afterConnectMultiple (node:net:1715:7)
3:11:14 PM [vite] http proxy error: /api/notifications/unread-count
AggregateError [ECONNREFUSED]: 
    at internalConnectMultiple (node:net:1134:18)
    at afterConnectMultiple (node:net:1715:7)
3:11:14 PM [vite] http proxy error: /api/dashboard/stats
AggregateError [ECONNREFUSED]: 
    at internalConnectMultiple (node:net:1134:18)
    at afterConnectMultiple (node:net:1715:7)
3:11:14 PM [vite] http proxy error: /api/dashboard/trends?days=360
AggregateError [ECONNREFUSED]: 
    at internalConnectMultiple (node:net:1134:18)
    at afterConnectMultiple (node:net:1715:7)
3:11:14 PM [vite] http proxy error: /api/dashboard/dept-distribution
AggregateError [ECONNREFUSED]: 
    at internalConnectMultiple (node:net:1134:18)
    at afterConnectMultiple (node:net:1715:7)
3:11:14 PM [vite] http proxy error: /api/dashboard/maintenance-stats
AggregateError [ECONNREFUSED]: 
    at internalConnectMultiple (node:net:1134:18)
    at afterConnectMultiple (node:net:1715:7)
3:11:14 PM [vite] http proxy error: /api/reports/by-category
AggregateError [ECONNREFUSED]: 
    at internalConnectMultiple (node:net:1134:18)
    at afterConnectMultiple (node:net:1715:7)
3:11:14 PM [vite] http proxy error: /api/reports/summary
AggregateError [ECONNREFUSED]: 
    at internalConnectMultiple (node:net:1134:18)
    at afterConnectMultiple (node:net:1715:7)
3:11:14 PM [vite] http proxy error: /api/notifications/unread-count
AggregateError [ECONNREFUSED]: 
    at internalConnectMultiple (node:net:1134:18)
    at afterConnectMultiple (node:net:1715:7)
3:11:15 PM [vite] http proxy error: /api/dashboard/stats
AggregateError [ECONNREFUSED]: 
    at internalConnectMultiple (node:net:1134:18)
    at afterConnectMultiple (node:net:1715:7)
3:11:15 PM [vite] http proxy error: /api/dashboard/maintenance-stats
AggregateError [ECONNREFUSED]: 
    at internalConnectMultiple (node:net:1134:18)
    at afterConnectMultiple (node:net:1715:7)
3:11:15 PM [vite] http proxy error: /api/reports/by-category
AggregateError [ECONNREFUSED]: 
    at internalConnectMultiple (node:net:1134:18)
    at afterConnectMultiple (node:net:1715:7)
3:11:15 PM [vite] http proxy error: /api/dashboard/dept-distribution
AggregateError [ECONNREFUSED]: 
    at internalConnectMultiple (node:net:1134:18)
    at afterConnectMultiple (node:net:1715:7)
3:11:15 PM [vite] http proxy error: /api/reports/summary
AggregateError [ECONNREFUSED]: 
    at internalConnectMultiple (node:net:1134:18)
    at afterConnectMultiple (node:net:1715:7)
3:11:15 PM [vite] http proxy error: /api/dashboard/trends?days=360
AggregateError [ECONNREFUSED]: 
    at internalConnectMultiple (node:net:1134:18)
    at afterConnectMultiple (node:net:1715:7)
3:12:04 PM [vite] (client) hmr update /src/router/index.tsx, /src/styles/index.css
3:12:05 PM [vite] (client) hmr invalidate /src/router/index.tsx Could not Fast Refresh ("default" export is incompatible). Learn more at https://github.com/vitejs/vite-plugin-react/tree/main/packages/plugin-react#consistent-components-exports
3:12:05 PM [vite] (client) page reload src/router/index.tsx
3:12:05 PM [vite] http proxy error: /api/dashboard/trends?days=360
AggregateError [ECONNREFUSED]: 
    at internalConnectMultiple (node:net:1134:18)
    at afterConnectMultiple (node:net:1715:7)
3:12:05 PM [vite] http proxy error: /api/dashboard/stats
AggregateError [ECONNREFUSED]: 
    at internalConnectMultiple (node:net:1134:18)
    at afterConnectMultiple (node:net:1715:7)
3:12:05 PM [vite] http proxy error: /api/dashboard/dept-distribution
AggregateError [ECONNREFUSED]: 
    at internalConnectMultiple (node:net:1134:18)
    at afterConnectMultiple (node:net:1715:7)
3:12:05 PM [vite] http proxy error: /api/reports/by-category
AggregateError [ECONNREFUSED]: 
    at internalConnectMultiple (node:net:1134:18)
    at afterConnectMultiple (node:net:1715:7)
3:12:05 PM [vite] http proxy error: /api/dashboard/maintenance-stats
AggregateError [ECONNREFUSED]: 
    at internalConnectMultiple (node:net:1134:18)
    at afterConnectMultiple (node:net:1715:7)
3:12:05 PM [vite] http proxy error: /api/reports/summary
AggregateError [ECONNREFUSED]: 
    at internalConnectMultiple (node:net:1134:18)
    at afterConnectMultiple (node:net:1715:7)
3:12:05 PM [vite] http proxy error: /api/notifications/unread-count
AggregateError [ECONNREFUSED]: 
    at internalConnectMultiple (node:net:1134:18)
    at afterConnectMultiple (node:net:1715:7)
3:12:05 PM [vite] http proxy error: /api/dashboard/stats
AggregateError [ECONNREFUSED]: 
    at internalConnectMultiple (node:net:1134:18)
    at afterConnectMultiple (node:net:1715:7)
3:12:05 PM [vite] http proxy error: /api/dashboard/trends?days=360
AggregateError [ECONNREFUSED]: 
    at internalConnectMultiple (node:net:1134:18)
    at afterConnectMultiple (node:net:1715:7)
3:12:05 PM [vite] http proxy error: /api/dashboard/dept-distribution
AggregateError [ECONNREFUSED]: 
    at internalConnectMultiple (node:net:1134:18)
    at afterConnectMultiple (node:net:1715:7)
3:12:05 PM [vite] http proxy error: /api/dashboard/maintenance-stats
AggregateError [ECONNREFUSED]: 
    at internalConnectMultiple (node:net:1134:18)
    at afterConnectMultiple (node:net:1715:7)
3:12:05 PM [vite] http proxy error: /api/reports/by-category
AggregateError [ECONNREFUSED]: 
    at internalConnectMultiple (node:net:1134:18)
    at afterConnectMultiple (node:net:1715:7)
3:12:05 PM [vite] http proxy error: /api/reports/summary
AggregateError [ECONNREFUSED]: 
    at internalConnectMultiple (node:net:1134:18)
    at afterConnectMultiple (node:net:1715:7)
3:12:05 PM [vite] http proxy error: /api/notifications/unread-count
AggregateError [ECONNREFUSED]: 
    at internalConnectMultiple (node:net:1134:18)
    at afterConnectMultiple (node:net:1715:7)
3:12:06 PM [vite] http proxy error: /api/dashboard/stats
AggregateError [ECONNREFUSED]: 
    at internalConnectMultiple (node:net:1134:18)
    at afterConnectMultiple (node:net:1715:7)
3:12:06 PM [vite] http proxy error: /api/dashboard/trends?days=360
AggregateError [ECONNREFUSED]: 
    at internalConnectMultiple (node:net:1134:18)
    at afterConnectMultiple (node:net:1715:7)
3:12:06 PM [vite] http proxy error: /api/reports/by-category
AggregateError [ECONNREFUSED]: 
    at internalConnectMultiple (node:net:1134:18)
    at afterConnectMultiple (node:net:1715:7)
3:12:06 PM [vite] http proxy error: /api/dashboard/dept-distribution
AggregateError [ECONNREFUSED]: 
    at internalConnectMultiple (node:net:1134:18)
    at afterConnectMultiple (node:net:1715:7)
3:12:06 PM [vite] http proxy error: /api/reports/summary
AggregateError [ECONNREFUSED]: 
    at internalConnectMultiple (node:net:1134:18)
    at afterConnectMultiple (node:net:1715:7)
3:12:06 PM [vite] http proxy error: /api/dashboard/maintenance-stats
AggregateError [ECONNREFUSED]: 
    at internalConnectMultiple (node:net:1134:18)
    at afterConnectMultiple (node:net:1715:7)
3:12:23 PM [vite] (client) page reload src/pages/inspection/InspectionRecordListPage.tsx
3:12:23 PM [vite] http proxy error: /api/dashboard/stats
AggregateError [ECONNREFUSED]: 
    at internalConnectMultiple (node:net:1134:18)
    at afterConnectMultiple (node:net:1715:7)
3:12:23 PM [vite] http proxy error: /api/dashboard/trends?days=360
AggregateError [ECONNREFUSED]: 
    at internalConnectMultiple (node:net:1134:18)
    at afterConnectMultiple (node:net:1715:7)
3:12:23 PM [vite] http proxy error: /api/dashboard/dept-distribution
AggregateError [ECONNREFUSED]: 
    at internalConnectMultiple (node:net:1134:18)
    at afterConnectMultiple (node:net:1715:7)
3:12:23 PM [vite] http proxy error: /api/dashboard/maintenance-stats
AggregateError [ECONNREFUSED]: 
    at internalConnectMultiple (node:net:1134:18)
    at afterConnectMultiple (node:net:1715:7)
3:12:23 PM [vite] http proxy error: /api/reports/by-category
AggregateError [ECONNREFUSED]: 
    at internalConnectMultiple (node:net:1134:18)
    at afterConnectMultiple (node:net:1715:7)
3:12:23 PM [vite] http proxy error: /api/reports/summary
AggregateError [ECONNREFUSED]: 
    at internalConnectMultiple (node:net:1134:18)
    at afterConnectMultiple (node:net:1715:7)
3:12:23 PM [vite] http proxy error: /api/notifications/unread-count
AggregateError [ECONNREFUSED]: 
    at internalConnectMultiple (node:net:1134:18)
    at afterConnectMultiple (node:net:1715:7)
3:12:24 PM [vite] http proxy error: /api/dashboard/stats
AggregateError [ECONNREFUSED]: 
    at internalConnectMultiple (node:net:1134:18)
    at afterConnectMultiple (node:net:1715:7)
3:12:24 PM [vite] http proxy error: /api/dashboard/trends?days=360
AggregateError [ECONNREFUSED]: 
    at internalConnectMultiple (node:net:1134:18)
    at afterConnectMultiple (node:net:1715:7)
3:12:24 PM [vite] http proxy error: /api/dashboard/dept-distribution
AggregateError [ECONNREFUSED]: 
    at internalConnectMultiple (node:net:1134:18)
    at afterConnectMultiple (node:net:1715:7)
3:12:24 PM [vite] http proxy error: /api/reports/by-category
AggregateError [ECONNREFUSED]: 
    at internalConnectMultiple (node:net:1134:18)
    at afterConnectMultiple (node:net:1715:7)
3:12:24 PM [vite] http proxy error: /api/dashboard/maintenance-stats
AggregateError [ECONNREFUSED]: 
    at internalConnectMultiple (node:net:1134:18)
    at afterConnectMultiple (node:net:1715:7)
3:12:24 PM [vite] http proxy error: /api/reports/summary
AggregateError [ECONNREFUSED]: 
    at internalConnectMultiple (node:net:1134:18)
    at afterConnectMultiple (node:net:1715:7)
3:12:24 PM [vite] http proxy error: /api/notifications/unread-count
AggregateError [ECONNREFUSED]: 
    at internalConnectMultiple (node:net:1134:18)
    at afterConnectMultiple (node:net:1715:7)
3:12:24 PM [vite] http proxy error: /api/dashboard/stats
AggregateError [ECONNREFUSED]: 
    at internalConnectMultiple (node:net:1134:18)
    at afterConnectMultiple (node:net:1715:7)
3:12:24 PM [vite] http proxy error: /api/dashboard/trends?days=360
AggregateError [ECONNREFUSED]: 
    at internalConnectMultiple (node:net:1134:18)
    at afterConnectMultiple (node:net:1715:7)
3:12:24 PM [vite] http proxy error: /api/dashboard/dept-distribution
AggregateError [ECONNREFUSED]: 
    at internalConnectMultiple (node:net:1134:18)
    at afterConnectMultiple (node:net:1715:7)
3:12:24 PM [vite] http proxy error: /api/dashboard/maintenance-stats
AggregateError [ECONNREFUSED]: 
    at internalConnectMultiple (node:net:1134:18)
    at afterConnectMultiple (node:net:1715:7)
3:12:24 PM [vite] http proxy error: /api/reports/by-category
AggregateError [ECONNREFUSED]: 
    at internalConnectMultiple (node:net:1134:18)
    at afterConnectMultiple (node:net:1715:7)
3:12:24 PM [vite] http proxy error: /api/reports/summary
AggregateError [ECONNREFUSED]: 
    at internalConnectMultiple (node:net:1134:18)
    at afterConnectMultiple (node:net:1715:7)
3:12:29 PM [vite] (client) hmr update /src/router/index.tsx, /src/styles/index.css
3:12:29 PM [vite] (client) hmr invalidate /src/router/index.tsx Could not Fast Refresh ("default" export is incompatible). Learn more at https://github.com/vitejs/vite-plugin-react/tree/main/packages/plugin-react#consistent-components-exports
3:12:29 PM [vite] (client) page reload src/router/index.tsx
3:12:29 PM [vite] http proxy error: /api/dashboard/stats
AggregateError [ECONNREFUSED]: 
    at internalConnectMultiple (node:net:1134:18)
    at afterConnectMultiple (node:net:1715:7)
3:12:29 PM [vite] http proxy error: /api/dashboard/trends?days=360
AggregateError [ECONNREFUSED]: 
    at internalConnectMultiple (node:net:1134:18)
    at afterConnectMultiple (node:net:1715:7)
3:12:29 PM [vite] http proxy error: /api/dashboard/dept-distribution
AggregateError [ECONNREFUSED]: 
    at internalConnectMultiple (node:net:1134:18)
    at afterConnectMultiple (node:net:1715:7)
3:12:29 PM [vite] http proxy error: /api/dashboard/maintenance-stats
AggregateError [ECONNREFUSED]: 
    at internalConnectMultiple (node:net:1134:18)
    at afterConnectMultiple (node:net:1715:7)
3:12:29 PM [vite] http proxy error: /api/reports/by-category
AggregateError [ECONNREFUSED]: 
    at internalConnectMultiple (node:net:1134:18)
    at afterConnectMultiple (node:net:1715:7)
3:12:29 PM [vite] http proxy error: /api/reports/summary
AggregateError [ECONNREFUSED]: 
    at internalConnectMultiple (node:net:1134:18)
    at afterConnectMultiple (node:net:1715:7)
3:12:29 PM [vite] http proxy error: /api/notifications/unread-count
AggregateError [ECONNREFUSED]: 
    at internalConnectMultiple (node:net:1134:18)
    at afterConnectMultiple (node:net:1715:7)
3:12:30 PM [vite] http proxy error: /api/dashboard/stats
AggregateError [ECONNREFUSED]: 
    at internalConnectMultiple (node:net:1134:18)
    at afterConnectMultiple (node:net:1715:7)
3:12:30 PM [vite] http proxy error: /api/dashboard/trends?days=360
AggregateError [ECONNREFUSED]: 
    at internalConnectMultiple (node:net:1134:18)
    at afterConnectMultiple (node:net:1715:7)
3:12:30 PM [vite] http proxy error: /api/dashboard/dept-distribution
AggregateError [ECONNREFUSED]: 
    at internalConnectMultiple (node:net:1134:18)
    at afterConnectMultiple (node:net:1715:7)
3:12:30 PM [vite] http proxy error: /api/dashboard/maintenance-stats
AggregateError [ECONNREFUSED]: 
    at internalConnectMultiple (node:net:1134:18)
    at afterConnectMultiple (node:net:1715:7)
3:12:30 PM [vite] http proxy error: /api/reports/summary
AggregateError [ECONNREFUSED]: 
    at internalConnectMultiple (node:net:1134:18)
    at afterConnectMultiple (node:net:1715:7)
3:12:30 PM [vite] http proxy error: /api/reports/by-category
AggregateError [ECONNREFUSED]: 
    at internalConnectMultiple (node:net:1134:18)
    at afterConnectMultiple (node:net:1715:7)
3:12:30 PM [vite] http proxy error: /api/notifications/unread-count
AggregateError [ECONNREFUSED]: 
    at internalConnectMultiple (node:net:1134:18)
    at afterConnectMultiple (node:net:1715:7)
3:12:30 PM [vite] http proxy error: /api/dashboard/stats
AggregateError [ECONNREFUSED]: 
    at internalConnectMultiple (node:net:1134:18)
    at afterConnectMultiple (node:net:1715:7)
3:12:30 PM [vite] http proxy error: /api/dashboard/trends?days=360
AggregateError [ECONNREFUSED]: 
    at internalConnectMultiple (node:net:1134:18)
    at afterConnectMultiple (node:net:1715:7)
3:12:30 PM [vite] http proxy error: /api/dashboard/maintenance-stats
AggregateError [ECONNREFUSED]: 
    at internalConnectMultiple (node:net:1134:18)
    at afterConnectMultiple (node:net:1715:7)
3:12:30 PM [vite] http proxy error: /api/dashboard/dept-distribution
AggregateError [ECONNREFUSED]: 
    at internalConnectMultiple (node:net:1134:18)
    at afterConnectMultiple (node:net:1715:7)
3:12:30 PM [vite] http proxy error: /api/reports/by-category
AggregateError [ECONNREFUSED]: 
    at internalConnectMultiple (node:net:1134:18)
    at afterConnectMultiple (node:net:1715:7)
3:12:30 PM [vite] http proxy error: /api/reports/summary
AggregateError [ECONNREFUSED]: 
    at internalConnectMultiple (node:net:1134:18)
    at afterConnectMultiple (node:net:1715:7)
3:13:29 PM [vite] http proxy error: /api/notifications/unread-count
AggregateError [ECONNREFUSED]: 
    at internalConnectMultiple (node:net:1134:18)
    at afterConnectMultiple (node:net:1715:7)
3:13:38 PM [vite] http proxy error: /api/dashboard/trends?days=360
AggregateError [ECONNREFUSED]: 
    at internalConnectMultiple (node:net:1134:18)
    at afterConnectMultiple (node:net:1715:7)
3:13:38 PM [vite] http proxy error: /api/dashboard/dept-distribution
AggregateError [ECONNREFUSED]: 
    at internalConnectMultiple (node:net:1134:18)
    at afterConnectMultiple (node:net:1715:7)
3:13:38 PM [vite] http proxy error: /api/dashboard/maintenance-stats
AggregateError [ECONNREFUSED]: 
    at internalConnectMultiple (node:net:1134:18)
    at afterConnectMultiple (node:net:1715:7)
3:13:38 PM [vite] http proxy error: /api/reports/by-category
AggregateError [ECONNREFUSED]: 
    at internalConnectMultiple (node:net:1134:18)
    at afterConnectMultiple (node:net:1715:7)
3:13:38 PM [vite] http proxy error: /api/reports/summary
AggregateError [ECONNREFUSED]: 
    at internalConnectMultiple (node:net:1134:18)
    at afterConnectMultiple (node:net:1715:7)
3:13:38 PM [vite] http proxy error: /api/dashboard/stats
AggregateError [ECONNREFUSED]: 
    at internalConnectMultiple (node:net:1134:18)
    at afterConnectMultiple (node:net:1715:7)
3:13:38 PM [vite] http proxy error: /api/notifications/unread-count
AggregateError [ECONNREFUSED]: 
    at internalConnectMultiple (node:net:1134:18)
    at afterConnectMultiple (node:net:1715:7)
3:13:39 PM [vite] http proxy error: /api/dashboard/trends?days=360
AggregateError [ECONNREFUSED]: 
    at internalConnectMultiple (node:net:1134:18)
    at afterConnectMultiple (node:net:1715:7)
3:13:39 PM [vite] http proxy error: /api/dashboard/maintenance-stats
AggregateError [ECONNREFUSED]: 
    at internalConnectMultiple (node:net:1134:18)
    at afterConnectMultiple (node:net:1715:7)
3:13:39 PM [vite] http proxy error: /api/reports/by-category
AggregateError [ECONNREFUSED]: 
    at internalConnectMultiple (node:net:1134:18)
    at afterConnectMultiple (node:net:1715:7)
3:13:39 PM [vite] http proxy error: /api/reports/summary
AggregateError [ECONNREFUSED]: 
    at internalConnectMultiple (node:net:1134:18)
    at afterConnectMultiple (node:net:1715:7)
3:13:39 PM [vite] http proxy error: /api/dashboard/stats
AggregateError [ECONNREFUSED]: 
    at internalConnectMultiple (node:net:1134:18)
    at afterConnectMultiple (node:net:1715:7)
3:13:39 PM [vite] http proxy error: /api/dashboard/dept-distribution
AggregateError [ECONNREFUSED]: 
    at internalConnectMultiple (node:net:1134:18)
    at afterConnectMultiple (node:net:1715:7)
3:13:41 PM [vite] (client) page reload src/api/inspection.ts
3:13:46 PM [vite] http proxy error: /api/dashboard/stats
AggregateError [ECONNREFUSED]: 
    at internalConnectMultiple (node:net:1134:18)
    at afterConnectMultiple (node:net:1715:7)
3:13:46 PM [vite] http proxy error: /api/dashboard/dept-distribution
AggregateError [ECONNREFUSED]: 
    at internalConnectMultiple (node:net:1134:18)
    at afterConnectMultiple (node:net:1715:7)
3:13:46 PM [vite] http proxy error: /api/dashboard/maintenance-stats
AggregateError [ECONNREFUSED]: 
    at internalConnectMultiple (node:net:1134:18)
    at afterConnectMultiple (node:net:1715:7)
3:13:46 PM [vite] http proxy error: /api/reports/by-category
AggregateError [ECONNREFUSED]: 
    at internalConnectMultiple (node:net:1134:18)
    at afterConnectMultiple (node:net:1715:7)
3:13:46 PM [vite] http proxy error: /api/dashboard/trends?days=360
AggregateError [ECONNREFUSED]: 
    at internalConnectMultiple (node:net:1134:18)
    at afterConnectMultiple (node:net:1715:7)
3:13:47 PM [vite] http proxy error: /api/dashboard/stats
AggregateError [ECONNREFUSED]: 
    at internalConnectMultiple (node:net:1134:18)
    at afterConnectMultiple (node:net:1715:7)
3:13:47 PM [vite] http proxy error: /api/dashboard/trends?days=360
AggregateError [ECONNREFUSED]: 
    at internalConnectMultiple (node:net:1134:18)
    at afterConnectMultiple (node:net:1715:7)
3:13:47 PM [vite] http proxy error: /api/dashboard/dept-distribution
AggregateError [ECONNREFUSED]: 
    at internalConnectMultiple (node:net:1134:18)
    at afterConnectMultiple (node:net:1715:7)
3:13:47 PM [vite] http proxy error: /api/dashboard/maintenance-stats
AggregateError [ECONNREFUSED]: 
    at internalConnectMultiple (node:net:1134:18)
    at afterConnectMultiple (node:net:1715:7)
3:13:47 PM [vite] http proxy error: /api/reports/summary
AggregateError [ECONNREFUSED]: 
    at internalConnectMultiple (node:net:1134:18)
    at afterConnectMultiple (node:net:1715:7)
3:13:47 PM [vite] http proxy error: /api/reports/by-category
AggregateError [ECONNREFUSED]: 
    at internalConnectMultiple (node:net:1134:18)
    at afterConnectMultiple (node:net:1715:7)
3:13:47 PM [vite] http proxy error: /api/notifications/unread-count
AggregateError [ECONNREFUSED]: 
    at internalConnectMultiple (node:net:1134:18)
    at afterConnectMultiple (node:net:1715:7)
3:13:48 PM [vite] http proxy error: /api/dashboard/stats
AggregateError [ECONNREFUSED]: 
    at internalConnectMultiple (node:net:1134:18)
    at afterConnectMultiple (node:net:1715:7)
3:13:48 PM [vite] http proxy error: /api/dashboard/maintenance-stats
AggregateError [ECONNREFUSED]: 
    at internalConnectMultiple (node:net:1134:18)
    at afterConnectMultiple (node:net:1715:7)
3:13:48 PM [vite] http proxy error: /api/dashboard/trends?days=360
AggregateError [ECONNREFUSED]: 
    at internalConnectMultiple (node:net:1134:18)
    at afterConnectMultiple (node:net:1715:7)
3:13:48 PM [vite] http proxy error: /api/reports/summary
AggregateError [ECONNREFUSED]: 
    at internalConnectMultiple (node:net:1134:18)
    at afterConnectMultiple (node:net:1715:7)
3:13:48 PM [vite] http proxy error: /api/dashboard/dept-distribution
AggregateError [ECONNREFUSED]: 
    at internalConnectMultiple (node:net:1134:18)
    at afterConnectMultiple (node:net:1715:7)
3:13:48 PM [vite] http proxy error: /api/reports/by-category
AggregateError [ECONNREFUSED]: 
    at internalConnectMultiple (node:net:1134:18)
    at afterConnectMultiple (node:net:1715:7)
3:13:50 PM [vite] http proxy error: /api/dashboard/stats
AggregateError [ECONNREFUSED]: 
    at internalConnectMultiple (node:net:1134:18)
    at afterConnectMultiple (node:net:1715:7)
3:13:50 PM [vite] http proxy error: /api/dashboard/trends?days=365
AggregateError [ECONNREFUSED]: 
    at internalConnectMultiple (node:net:1134:18)
    at afterConnectMultiple (node:net:1715:7)
3:13:50 PM [vite] http proxy error: /api/workorders?page=1&pageSize=5
AggregateError [ECONNREFUSED]: 
    at internalConnectMultiple (node:net:1134:18)
    at afterConnectMultiple (node:net:1715:7)
3:13:50 PM [vite] http proxy error: /api/dashboard/maintenance-stats
AggregateError [ECONNREFUSED]: 
    at internalConnectMultiple (node:net:1134:18)
    at afterConnectMultiple (node:net:1715:7)
3:13:50 PM [vite] http proxy error: /api/dashboard/dept-distribution
AggregateError [ECONNREFUSED]: 
    at internalConnectMultiple (node:net:1134:18)
    at afterConnectMultiple (node:net:1715:7)
3:13:51 PM [vite] http proxy error: /api/dashboard/stats
AggregateError [ECONNREFUSED]: 
    at internalConnectMultiple (node:net:1134:18)
    at afterConnectMultiple (node:net:1715:7)
3:13:51 PM [vite] http proxy error: /api/workorders?page=1&pageSize=5
AggregateError [ECONNREFUSED]: 
    at internalConnectMultiple (node:net:1134:18)
    at afterConnectMultiple (node:net:1715:7)
3:13:51 PM [vite] http proxy error: /api/dashboard/maintenance-stats
AggregateError [ECONNREFUSED]: 
    at internalConnectMultiple (node:net:1134:18)
    at afterConnectMultiple (node:net:1715:7)
3:13:51 PM [vite] http proxy error: /api/dashboard/trends?days=365
AggregateError [ECONNREFUSED]: 
    at internalConnectMultiple (node:net:1134:18)
    at afterConnectMultiple (node:net:1715:7)
3:13:51 PM [vite] http proxy error: /api/dashboard/dept-distribution
AggregateError [ECONNREFUSED]: 
    at internalConnectMultiple (node:net:1134:18)
    at afterConnectMultiple (node:net:1715:7)
3:13:53 PM [vite] http proxy error: /api/dashboard/stats
AggregateError [ECONNREFUSED]: 
    at internalConnectMultiple (node:net:1134:18)
    at afterConnectMultiple (node:net:1715:7)
3:13:53 PM [vite] http proxy error: /api/dashboard/dept-distribution
AggregateError [ECONNREFUSED]: 
    at internalConnectMultiple (node:net:1134:18)
    at afterConnectMultiple (node:net:1715:7)
3:13:53 PM [vite] http proxy error: /api/dashboard/maintenance-stats
AggregateError [ECONNREFUSED]: 
    at internalConnectMultiple (node:net:1134:18)
    at afterConnectMultiple (node:net:1715:7)
3:13:53 PM [vite] http proxy error: /api/reports/by-category
AggregateError [ECONNREFUSED]: 
    at internalConnectMultiple (node:net:1134:18)
    at afterConnectMultiple (node:net:1715:7)
3:13:53 PM [vite] http proxy error: /api/reports/summary
AggregateError [ECONNREFUSED]: 
    at internalConnectMultiple (node:net:1134:18)
    at afterConnectMultiple (node:net:1715:7)
3:13:53 PM [vite] http proxy error: /api/dashboard/trends?days=360
AggregateError [ECONNREFUSED]: 
    at internalConnectMultiple (node:net:1134:18)
    at afterConnectMultiple (node:net:1715:7)
3:13:54 PM [vite] http proxy error: /api/dashboard/stats
AggregateError [ECONNREFUSED]: 
    at internalConnectMultiple (node:net:1134:18)
    at afterConnectMultiple (node:net:1715:7)
3:13:54 PM [vite] http proxy error: /api/dashboard/dept-distribution
AggregateError [ECONNREFUSED]: 
    at internalConnectMultiple (node:net:1134:18)
    at afterConnectMultiple (node:net:1715:7)
3:13:54 PM [vite] http proxy error: /api/dashboard/maintenance-stats
AggregateError [ECONNREFUSED]: 
    at internalConnectMultiple (node:net:1134:18)
    at afterConnectMultiple (node:net:1715:7)
3:13:54 PM [vite] http proxy error: /api/reports/by-category
AggregateError [ECONNREFUSED]: 
    at internalConnectMultiple (node:net:1134:18)
    at afterConnectMultiple (node:net:1715:7)
3:13:54 PM [vite] http proxy error: /api/reports/summary
AggregateError [ECONNREFUSED]: 
    at internalConnectMultiple (node:net:1134:18)
    at afterConnectMultiple (node:net:1715:7)
3:13:54 PM [vite] http proxy error: /api/dashboard/trends?days=360
AggregateError [ECONNREFUSED]: 
    at internalConnectMultiple (node:net:1134:18)
    at afterConnectMultiple (node:net:1715:7)
3:13:58 PM [vite] http proxy error: /api/assets?isImportant=1&pageSize=200
AggregateError [ECONNREFUSED]: 
    at internalConnectMultiple (node:net:1134:18)
    at afterConnectMultiple (node:net:1715:7)
3:13:58 PM [vite] http proxy error: /api/maintenance/list?page=1&pageSize=50
AggregateError [ECONNREFUSED]: 
    at internalConnectMultiple (node:net:1134:18)
    at afterConnectMultiple (node:net:1715:7)
3:13:58 PM [vite] http proxy error: /api/maintenance/upcoming?days=30
AggregateError [ECONNREFUSED]: 
    at internalConnectMultiple (node:net:1134:18)
    at afterConnectMultiple (node:net:1715:7)
3:13:59 PM [vite] http proxy error: /api/assets?isImportant=1&pageSize=200
AggregateError [ECONNREFUSED]: 
    at internalConnectMultiple (node:net:1134:18)
    at afterConnectMultiple (node:net:1715:7)
3:13:59 PM [vite] http proxy error: /api/maintenance/list?page=1&pageSize=50
AggregateError [ECONNREFUSED]: 
    at internalConnectMultiple (node:net:1134:18)
    at afterConnectMultiple (node:net:1715:7)
3:13:59 PM [vite] http proxy error: /api/idle-assets/list
AggregateError [ECONNREFUSED]: 
    at internalConnectMultiple (node:net:1134:18)
    at afterConnectMultiple (node:net:1715:7)
3:14:00 PM [vite] http proxy error: /api/idle-assets/list
AggregateError [ECONNREFUSED]: 
    at internalConnectMultiple (node:net:1134:18)
    at afterConnectMultiple (node:net:1715:7)
3:14:47 PM [vite] http proxy error: /api/notifications/unread-count
AggregateError [ECONNREFUSED]: 
    at internalConnectMultiple (node:net:1134:18)
    at afterConnectMultiple (node:net:1715:7)
3:15:47 PM [vite] http proxy error: /api/notifications/unread-count
AggregateError [ECONNREFUSED]: 
    at internalConnectMultiple (node:net:1134:18)
    at afterConnectMultiple (node:net:1715:7)
3:16:47 PM [vite] http proxy error: /api/notifications/unread-count
AggregateError [ECONNREFUSED]: 
    at internalConnectMultiple (node:net:1134:18)
    at afterConnectMultiple (node:net:1715:7)
3:17:02 PM [vite] http proxy error: /api/notifications/unread-count
AggregateError [ECONNREFUSED]: 
    at internalConnectMultiple (node:net:1134:18)
    at afterConnectMultiple (node:net:1715:7)
3:17:03 PM [vite] http proxy error: /api/idle-assets/list
AggregateError [ECONNREFUSED]: 
    at internalConnectMultiple (node:net:1134:18)
    at afterConnectMultiple (node:net:1715:7)
3:27:54 PM [vite] (client) page reload src/pages/inspection/InspectionRecordListPage.tsx
3:27:55 PM [vite] http proxy error: /api/idle-assets/list
AggregateError [ECONNREFUSED]: 
    at internalConnectMultiple (node:net:1134:18)
    at afterConnectMultiple (node:net:1715:7)
3:27:55 PM [vite] http proxy error: /api/notifications/unread-count
AggregateError [ECONNREFUSED]: 
    at internalConnectMultiple (node:net:1134:18)
    at afterConnectMultiple (node:net:1715:7)
3:28:37 PM [vite] (client) page reload src/pages/inspection/InspectionRecordListPage.tsx
3:28:38 PM [vite] http proxy error: /api/idle-assets/list
AggregateError [ECONNREFUSED]: 
    at internalConnectMultiple (node:net:1134:18)
    at afterConnectMultiple (node:net:1715:7)
3:28:38 PM [vite] http proxy error: /api/notifications/unread-count
AggregateError [ECONNREFUSED]: 
    at internalConnectMultiple (node:net:1134:18)
    at afterConnectMultiple (node:net:1715:7)
3:28:53 PM [vite] (client) page reload src/pages/inspection/InspectionRecordListPage.tsx
3:28:56 PM [vite] http proxy error: /api/idle-assets/list
AggregateError [ECONNREFUSED]: 
    at internalConnectMultiple (node:net:1134:18)
    at afterConnectMultiple (node:net:1715:7)
3:28:56 PM [vite] http proxy error: /api/notifications/unread-count
AggregateError [ECONNREFUSED]: 
    at internalConnectMultiple (node:net:1134:18)
    at afterConnectMultiple (node:net:1715:7)
3:29:21 PM [vite] (client) page reload src/pages/inspection/InspectionRecordListPage.tsx
3:29:26 PM [vite] http proxy error: /api/notifications/unread-count
AggregateError [ECONNREFUSED]: 
    at internalConnectMultiple (node:net:1134:18)
    at afterConnectMultiple (node:net:1715:7)
3:29:26 PM [vite] http proxy error: /api/idle-assets/list
AggregateError [ECONNREFUSED]: 
    at internalConnectMultiple (node:net:1134:18)
    at afterConnectMultiple (node:net:1715:7)
3:30:08 PM [vite] (client) page reload src/pages/inspection/InspectionRecordListPage.tsx
3:30:09 PM [vite] http proxy error: /api/idle-assets/list
AggregateError [ECONNREFUSED]: 
    at internalConnectMultiple (node:net:1134:18)
    at afterConnectMultiple (node:net:1715:7)
3:30:09 PM [vite] http proxy error: /api/notifications/unread-count
AggregateError [ECONNREFUSED]: 
    at internalConnectMultiple (node:net:1134:18)
    at afterConnectMultiple (node:net:1715:7)
3:30:21 PM [vite] (client) page reload src/pages/inspection/InspectionRecordListPage.tsx
3:30:21 PM [vite] http proxy error: /api/idle-assets/list
AggregateError [ECONNREFUSED]: 
    at internalConnectMultiple (node:net:1134:18)
    at afterConnectMultiple (node:net:1715:7)
3:30:21 PM [vite] http proxy error: /api/notifications/unread-count
AggregateError [ECONNREFUSED]: 
    at internalConnectMultiple (node:net:1134:18)
    at afterConnectMultiple (node:net:1715:7)
3:31:09 PM [vite] (client) page reload src/pages/inspection/InspectionRecordListPage.tsx
3:31:11 PM [vite] http proxy error: /api/idle-assets/list
AggregateError [ECONNREFUSED]: 
    at internalConnectMultiple (node:net:1134:18)
    at afterConnectMultiple (node:net:1715:7)
3:31:11 PM [vite] http proxy error: /api/notifications/unread-count
AggregateError [ECONNREFUSED]: 
    at internalConnectMultiple (node:net:1134:18)
    at afterConnectMultiple (node:net:1715:7)
3:43:21 PM [vite] (client) page reload src/api/inspection.ts
3:43:28 PM [vite] http proxy error: /api/idle-assets/list
AggregateError [ECONNREFUSED]: 
    at internalConnectMultiple (node:net:1134:18)
    at afterConnectMultiple (node:net:1715:7)
3:43:28 PM [vite] http proxy error: /api/notifications/unread-count
AggregateError [ECONNREFUSED]: 
    at internalConnectMultiple (node:net:1134:18)
    at afterConnectMultiple (node:net:1715:7)
3:51:36 PM [vite] http proxy error: /api/auth/login
AggregateError [ECONNREFUSED]: 
    at internalConnectMultiple (node:net:1134:18)
    at afterConnectMultiple (node:net:1715:7)
3:51:39 PM [vite] http proxy error: /api/auth/login
AggregateError [ECONNREFUSED]: 
    at internalConnectMultiple (node:net:1134:18)
    at afterConnectMultiple (node:net:1715:7)
3:52:02 PM [vite] http proxy error: /api/idle-assets/list
AggregateError [ECONNREFUSED]: 
    at internalConnectMultiple (node:net:1134:18)
    at afterConnectMultiple (node:net:1715:7)
3:58:08 PM [vite] http proxy error: /api/idle-assets/list
AggregateError [ECONNREFUSED]: 
    at internalConnectMultiple (node:net:1134:18)
    at afterConnectMultiple (node:net:1715:7)
3:58:08 PM [vite] http proxy error: /api/notifications/unread-count
AggregateError [ECONNREFUSED]: 
    at internalConnectMultiple (node:net:1134:18)
    at afterConnectMultiple (node:net:1715:7)
3:58:09 PM [vite] http proxy error: /api/idle-assets/list
AggregateError [ECONNREFUSED]: 
    at internalConnectMultiple (node:net:1134:18)
    at afterConnectMultiple (node:net:1715:7)
3:58:11 PM [vite] http proxy error: /api/dashboard/trends?days=365
AggregateError [ECONNREFUSED]: 
    at internalConnectMultiple (node:net:1134:18)
    at afterConnectMultiple (node:net:1715:7)
3:58:11 PM [vite] http proxy error: /api/dashboard/stats
AggregateError [ECONNREFUSED]: 
    at internalConnectMultiple (node:net:1134:18)
    at afterConnectMultiple (node:net:1715:7)
3:58:11 PM [vite] http proxy error: /api/dashboard/dept-distribution
AggregateError [ECONNREFUSED]: 
    at internalConnectMultiple (node:net:1134:18)
    at afterConnectMultiple (node:net:1715:7)
3:58:11 PM [vite] http proxy error: /api/workorders?page=1&pageSize=5
AggregateError [ECONNREFUSED]: 
    at internalConnectMultiple (node:net:1134:18)
    at afterConnectMultiple (node:net:1715:7)
3:58:11 PM [vite] http proxy error: /api/dashboard/maintenance-stats
AggregateError [ECONNREFUSED]: 
    at internalConnectMultiple (node:net:1134:18)
    at afterConnectMultiple (node:net:1715:7)
3:58:12 PM [vite] http proxy error: /api/dashboard/trends?days=365
AggregateError [ECONNREFUSED]: 
    at internalConnectMultiple (node:net:1134:18)
    at afterConnectMultiple (node:net:1715:7)
3:58:12 PM [vite] http proxy error: /api/dashboard/dept-distribution
AggregateError [ECONNREFUSED]: 
    at internalConnectMultiple (node:net:1134:18)
    at afterConnectMultiple (node:net:1715:7)
3:58:12 PM [vite] http proxy error: /api/dashboard/stats
AggregateError [ECONNREFUSED]: 
    at internalConnectMultiple (node:net:1134:18)
    at afterConnectMultiple (node:net:1715:7)
3:58:12 PM [vite] http proxy error: /api/workorders?page=1&pageSize=5
AggregateError [ECONNREFUSED]: 
    at internalConnectMultiple (node:net:1134:18)
    at afterConnectMultiple (node:net:1715:7)
3:58:12 PM [vite] http proxy error: /api/dashboard/maintenance-stats
AggregateError [ECONNREFUSED]: 
    at internalConnectMultiple (node:net:1134:18)
    at afterConnectMultiple (node:net:1715:7)
3:58:13 PM [vite] http proxy error: /api/dashboard/stats
AggregateError [ECONNREFUSED]: 
    at internalConnectMultiple (node:net:1134:18)
    at afterConnectMultiple (node:net:1715:7)
3:58:13 PM [vite] http proxy error: /api/dashboard/dept-distribution
AggregateError [ECONNREFUSED]: 
    at internalConnectMultiple (node:net:1134:18)
    at afterConnectMultiple (node:net:1715:7)
3:58:13 PM [vite] http proxy error: /api/dashboard/maintenance-stats
AggregateError [ECONNREFUSED]: 
    at internalConnectMultiple (node:net:1134:18)
    at afterConnectMultiple (node:net:1715:7)
3:58:13 PM [vite] http proxy error: /api/reports/by-category
AggregateError [ECONNREFUSED]: 
    at internalConnectMultiple (node:net:1134:18)
    at afterConnectMultiple (node:net:1715:7)
3:58:13 PM [vite] http proxy error: /api/reports/summary
AggregateError [ECONNREFUSED]: 
    at internalConnectMultiple (node:net:1134:18)
    at afterConnectMultiple (node:net:1715:7)
3:58:13 PM [vite] http proxy error: /api/dashboard/trends?days=360
AggregateError [ECONNREFUSED]: 
    at internalConnectMultiple (node:net:1134:18)
    at afterConnectMultiple (node:net:1715:7)
3:58:14 PM [vite] http proxy error: /api/dashboard/stats
AggregateError [ECONNREFUSED]: 
    at internalConnectMultiple (node:net:1134:18)
    at afterConnectMultiple (node:net:1715:7)
3:58:14 PM [vite] http proxy error: /api/dashboard/dept-distribution
AggregateError [ECONNREFUSED]: 
    at internalConnectMultiple (node:net:1134:18)
    at afterConnectMultiple (node:net:1715:7)
3:58:14 PM [vite] http proxy error: /api/dashboard/maintenance-stats
AggregateError [ECONNREFUSED]: 
    at internalConnectMultiple (node:net:1134:18)
    at afterConnectMultiple (node:net:1715:7)
3:58:14 PM [vite] http proxy error: /api/reports/by-category
AggregateError [ECONNREFUSED]: 
    at internalConnectMultiple (node:net:1134:18)
    at afterConnectMultiple (node:net:1715:7)
3:58:14 PM [vite] http proxy error: /api/reports/summary
AggregateError [ECONNREFUSED]: 
    at internalConnectMultiple (node:net:1134:18)
    at afterConnectMultiple (node:net:1715:7)
3:58:14 PM [vite] http proxy error: /api/dashboard/trends?days=360
AggregateError [ECONNREFUSED]: 
    at internalConnectMultiple (node:net:1134:18)
    at afterConnectMultiple (node:net:1715:7)
3:58:17 PM [vite] http proxy error: /api/categories/tree
AggregateError [ECONNREFUSED]: 
    at internalConnectMultiple (node:net:1134:18)
    at afterConnectMultiple (node:net:1715:7)
3:58:17 PM [vite] http proxy error: /api/dashboard/stats
AggregateError [ECONNREFUSED]: 
    at internalConnectMultiple (node:net:1134:18)
    at afterConnectMultiple (node:net:1715:7)
3:58:17 PM [vite] http proxy error: /api/assets?page=1&pageSize=10
AggregateError [ECONNREFUSED]: 
    at internalConnectMultiple (node:net:1134:18)
    at afterConnectMultiple (node:net:1715:7)
3:58:17 PM [vite] http proxy error: /api/depts/tree
AggregateError [ECONNREFUSED]: 
    at internalConnectMultiple (node:net:1134:18)
    at afterConnectMultiple (node:net:1715:7)
3:58:17 PM [vite] http proxy error: /api/asset-models?keyword=&page=1&pageSize=10
AggregateError [ECONNREFUSED]: 
    at internalConnectMultiple (node:net:1134:18)
    at afterConnectMultiple (node:net:1715:7)
3:58:17 PM [vite] http proxy error: /api/manufacturers/options
AggregateError [ECONNREFUSED]: 
    at internalConnectMultiple (node:net:1134:18)
    at afterConnectMultiple (node:net:1715:7)
3:58:17 PM [vite] http proxy error: /api/categories/all
AggregateError [ECONNREFUSED]: 
    at internalConnectMultiple (node:net:1134:18)
    at afterConnectMultiple (node:net:1715:7)
3:58:17 PM [vite] http proxy error: /api/system/custom-fieldsets/all
AggregateError [ECONNREFUSED]: 
    at internalConnectMultiple (node:net:1134:18)
    at afterConnectMultiple (node:net:1715:7)
3:58:18 PM [vite] http proxy error: /api/manufacturers/options
AggregateError [ECONNREFUSED]: 
    at internalConnectMultiple (node:net:1134:18)
    at afterConnectMultiple (node:net:1715:7)
3:58:18 PM [vite] http proxy error: /api/asset-models?keyword=&page=1&pageSize=10
AggregateError [ECONNREFUSED]: 
    at internalConnectMultiple (node:net:1134:18)
    at afterConnectMultiple (node:net:1715:7)
3:58:18 PM [vite] http proxy error: /api/system/custom-fieldsets/all
AggregateError [ECONNREFUSED]: 
    at internalConnectMultiple (node:net:1134:18)
    at afterConnectMultiple (node:net:1715:7)
3:58:18 PM [vite] http proxy error: /api/categories/all
AggregateError [ECONNREFUSED]: 
    at internalConnectMultiple (node:net:1134:18)
    at afterConnectMultiple (node:net:1715:7)
3:58:19 PM [vite] http proxy error: /api/assets?isImportant=1&pageSize=200
AggregateError [ECONNREFUSED]: 
    at internalConnectMultiple (node:net:1134:18)
    at afterConnectMultiple (node:net:1715:7)
3:58:19 PM [vite] http proxy error: /api/maintenance/list?page=1&pageSize=50
AggregateError [ECONNREFUSED]: 
    at internalConnectMultiple (node:net:1134:18)
    at afterConnectMultiple (node:net:1715:7)
3:58:19 PM [vite] http proxy error: /api/maintenance/upcoming?days=30
AggregateError [ECONNREFUSED]: 
    at internalConnectMultiple (node:net:1134:18)
    at afterConnectMultiple (node:net:1715:7)
3:58:20 PM [vite] http proxy error: /api/maintenance/list?page=1&pageSize=50
AggregateError [ECONNREFUSED]: 
    at internalConnectMultiple (node:net:1134:18)
    at afterConnectMultiple (node:net:1715:7)
3:58:20 PM [vite] http proxy error: /api/assets?isImportant=1&pageSize=200
AggregateError [ECONNREFUSED]: 
    at internalConnectMultiple (node:net:1134:18)
    at afterConnectMultiple (node:net:1715:7)
3:58:20 PM [vite] http proxy error: /api/maintenance/upcoming?days=30
AggregateError [ECONNREFUSED]: 
    at internalConnectMultiple (node:net:1134:18)
    at afterConnectMultiple (node:net:1715:7)
3:58:21 PM [vite] http proxy error: /api/idle-assets/list
AggregateError [ECONNREFUSED]: 
    at internalConnectMultiple (node:net:1134:18)
    at afterConnectMultiple (node:net:1715:7)
3:58:22 PM [vite] http proxy error: /api/idle-assets/list
AggregateError [ECONNREFUSED]: 
    at internalConnectMultiple (node:net:1134:18)
    at afterConnectMultiple (node:net:1715:7)
3:58:24 PM [vite] http proxy error: /api/dashboard/stats
AggregateError [ECONNREFUSED]: 
    at internalConnectMultiple (node:net:1134:18)
    at afterConnectMultiple (node:net:1715:7)
3:58:24 PM [vite] http proxy error: /api/workorders?page=1&pageSize=5
AggregateError [ECONNREFUSED]: 
    at internalConnectMultiple (node:net:1134:18)
    at afterConnectMultiple (node:net:1715:7)
3:58:24 PM [vite] http proxy error: /api/dashboard/dept-distribution
AggregateError [ECONNREFUSED]: 
    at internalConnectMultiple (node:net:1134:18)
    at afterConnectMultiple (node:net:1715:7)
3:58:24 PM [vite] http proxy error: /api/dashboard/maintenance-stats
AggregateError [ECONNREFUSED]: 
    at internalConnectMultiple (node:net:1134:18)
    at afterConnectMultiple (node:net:1715:7)
3:58:24 PM [vite] http proxy error: /api/dashboard/trends?days=365
AggregateError [ECONNREFUSED]: 
    at internalConnectMultiple (node:net:1134:18)
    at afterConnectMultiple (node:net:1715:7)
3:58:25 PM [vite] http proxy error: /api/dashboard/stats
AggregateError [ECONNREFUSED]: 
    at internalConnectMultiple (node:net:1134:18)
    at afterConnectMultiple (node:net:1715:7)
3:58:25 PM [vite] http proxy error: /api/dashboard/dept-distribution
AggregateError [ECONNREFUSED]: 
    at internalConnectMultiple (node:net:1134:18)
    at afterConnectMultiple (node:net:1715:7)
3:58:25 PM [vite] http proxy error: /api/dashboard/maintenance-stats
AggregateError [ECONNREFUSED]: 
    at internalConnectMultiple (node:net:1134:18)
    at afterConnectMultiple (node:net:1715:7)
3:58:25 PM [vite] http proxy error: /api/dashboard/trends?days=365
AggregateError [ECONNREFUSED]: 
    at internalConnectMultiple (node:net:1134:18)
    at afterConnectMultiple (node:net:1715:7)
3:58:25 PM [vite] http proxy error: /api/workorders?page=1&pageSize=5
AggregateError [ECONNREFUSED]: 
    at internalConnectMultiple (node:net:1134:18)
    at afterConnectMultiple (node:net:1715:7)
3:58:28 PM [vite] http proxy error: /api/auth/login
AggregateError [ECONNREFUSED]: 
    at internalConnectMultiple (node:net:1134:18)
    at afterConnectMultiple (node:net:1715:7)
3:59:48 PM [vite] (client) page reload src/api/safety.ts
4:07:56 PM [vite] (client) hmr update /src/router/index.tsx, /src/styles/index.css
4:07:58 PM [vite] (client) hmr invalidate /src/router/index.tsx Could not Fast Refresh ("default" export is incompatible). Learn more at https://github.com/vitejs/vite-plugin-react/tree/main/packages/plugin-react#consistent-components-exports
4:07:58 PM [vite] (client) page reload src/router/index.tsx
4:11:22 PM [vite] (client) page reload src/types/risk.ts
4:16:46 PM [vite] (client) ✨ new dependencies optimized: @xyflow/react
4:16:46 PM [vite] (client) ✨ optimized dependencies changed. reloading
4:17:06 PM [vite] (client) ✨ new dependencies optimized: dayjs, @radix-ui/react-tabs, @radix-ui/react-dropdown-menu, @radix-ui/react-checkbox, react-leaflet, leaflet, leaflet.markercluster, @radix-ui/react-popover
4:17:06 PM [vite] (client) ✨ optimized dependencies changed. reloading
4:19:00 PM [vite] (client) ✨ new dependencies optimized: xlsx
4:19:00 PM [vite] (client) ✨ optimized dependencies changed. reloading
4:32:22 PM [vite] (client) page reload src/api/inspection.ts
4:38:00 PM [vite] (client) hmr update /src/router/index.tsx, /src/styles/index.css
4:38:34 PM [vite] (client) hmr update /src/router/index.tsx, /src/styles/index.css
4:44:32 PM [vite] (client) hmr update /src/router/index.tsx, /src/styles/index.css
4:44:40 PM [vite] (client) hmr invalidate /src/router/index.tsx Could not Fast Refresh ("default" export is incompatible). Learn more at https://github.com/vitejs/vite-plugin-react/tree/main/packages/plugin-react#consistent-components-exports
4:44:40 PM [vite] (client) page reload src/router/index.tsx
4:46:10 PM [vite] (client) hmr update /src/router/index.tsx, /src/styles/index.css
4:46:20 PM [vite] (client) hmr invalidate /src/router/index.tsx Could not Fast Refresh ("default" export is incompatible). Learn more at https://github.com/vitejs/vite-plugin-react/tree/main/packages/plugin-react#consistent-components-exports
4:46:20 PM [vite] (client) page reload src/router/index.tsx
4:46:28 PM [vite] (client) hmr update /src/router/index.tsx, /src/styles/index.css
4:46:44 PM [vite] (client) hmr update /src/router/index.tsx, /src/styles/index.css
4:46:45 PM [vite] (client) hmr invalidate /src/router/index.tsx Could not Fast Refresh ("default" export is incompatible). Learn more at https://github.com/vitejs/vite-plugin-react/tree/main/packages/plugin-react#consistent-components-exports
4:46:45 PM [vite] (client) page reload src/router/index.tsx
4:46:45 PM [vite] http proxy error: /api/notifications/unread-count
AggregateError [ECONNREFUSED]: 
    at internalConnectMultiple (node:net:1134:18)
    at afterConnectMultiple (node:net:1715:7)
4:46:45 PM [vite] http proxy error: /api/maintenance/list?page=1&pageSize=10
AggregateError [ECONNREFUSED]: 
    at internalConnectMultiple (node:net:1134:18)
    at afterConnectMultiple (node:net:1715:7)
4:46:45 PM [vite] http proxy error: /api/maintenance/upcoming?days=30
AggregateError [ECONNREFUSED]: 
    at internalConnectMultiple (node:net:1134:18)
    at afterConnectMultiple (node:net:1715:7)
4:46:46 PM [vite] http proxy error: /api/maintenance/upcoming?days=30
AggregateError [ECONNREFUSED]: 
    at internalConnectMultiple (node:net:1134:18)
    at afterConnectMultiple (node:net:1715:7)
4:46:46 PM [vite] http proxy error: /api/maintenance/list?page=1&pageSize=10
AggregateError [ECONNREFUSED]: 
    at internalConnectMultiple (node:net:1134:18)
    at afterConnectMultiple (node:net:1715:7)
4:46:46 PM [vite] http proxy error: /api/notifications/unread-count
AggregateError [ECONNREFUSED]: 
    at internalConnectMultiple (node:net:1134:18)
    at afterConnectMultiple (node:net:1715:7)
4:57:37 PM [vite] (client) hmr update /src/router/index.tsx, /src/styles/index.css
4:57:37 PM [vite] (client) hmr invalidate /src/router/index.tsx Could not Fast Refresh ("default" export is incompatible). Learn more at https://github.com/vitejs/vite-plugin-react/tree/main/packages/plugin-react#consistent-components-exports
4:57:37 PM [vite] (client) page reload src/router/index.tsx
4:57:51 PM [vite] (client) hmr update /src/router/index.tsx, /src/styles/index.css
4:57:51 PM [vite] (client) hmr invalidate /src/router/index.tsx Could not Fast Refresh ("default" export is incompatible). Learn more at https://github.com/vitejs/vite-plugin-react/tree/main/packages/plugin-react#consistent-components-exports
4:57:51 PM [vite] (client) page reload src/router/index.tsx
6:03:58 PM [vite] (client) ✨ new dependencies optimized: echarts-for-react/lib/core, echarts/charts, echarts/components, echarts/renderers, echarts/core
6:03:58 PM [vite] (client) ✨ optimized dependencies changed. reloading
6:07:33 PM [vite] (client) page reload src/components/comment/CommentSection.tsx
6:07:47 PM [vite] (client) page reload src/components/comment/CommentSection.tsx
6:08:08 PM [vite] (client) hmr update /src/pages/depreciation/DepreciationListPage.tsx, /src/styles/index.css
6:08:12 PM [vite] (client) hmr update /src/pages/depreciation/DepreciationListPage.tsx, /src/styles/index.css
6:08:21 PM [vite] (client) hmr update /src/pages/depreciation/DepreciationListPage.tsx, /src/styles/index.css
6:08:22 PM [vite] http proxy error: /api/depreciation/schedules?page=1&size=10
AggregateError [ECONNREFUSED]: 
    at internalConnectMultiple (node:net:1134:18)
    at afterConnectMultiple (node:net:1715:7)
6:08:27 PM [vite] (client) hmr update /src/pages/depreciation/DepreciationListPage.tsx, /src/styles/index.css
6:08:38 PM [vite] (client) hmr update /src/pages/depreciation/DepreciationListPage.tsx, /src/styles/index.css
6:08:59 PM [vite] (client) hmr update /src/pages/depreciation/DepreciationListPage.tsx, /src/styles/index.css
6:09:06 PM [vite] http proxy error: /api/depreciation/schedules?page=1&size=10
AggregateError [ECONNREFUSED]: 
    at internalConnectMultiple (node:net:1134:18)
    at afterConnectMultiple (node:net:1715:7)
6:09:08 PM [vite] http proxy error: /api/depreciation/methods
AggregateError [ECONNREFUSED]: 
    at internalConnectMultiple (node:net:1134:18)
    at afterConnectMultiple (node:net:1715:7)
6:09:08 PM [vite] http proxy error: /api/depreciation/schedules?page=1&size=10
AggregateError [ECONNREFUSED]: 
    at internalConnectMultiple (node:net:1134:18)
    at afterConnectMultiple (node:net:1715:7)
6:09:08 PM [vite] http proxy error: /api/notifications/unread-count
AggregateError [ECONNREFUSED]: 
    at internalConnectMultiple (node:net:1134:18)
    at afterConnectMultiple (node:net:1715:7)
6:09:09 PM [vite] http proxy error: /api/depreciation/methods
AggregateError [ECONNREFUSED]: 
    at internalConnectMultiple (node:net:1134:18)
    at afterConnectMultiple (node:net:1715:7)
6:09:09 PM [vite] http proxy error: /api/depreciation/schedules?page=1&size=10
AggregateError [ECONNREFUSED]: 
    at internalConnectMultiple (node:net:1134:18)
    at afterConnectMultiple (node:net:1715:7)
6:09:12 PM [vite] http proxy error: /api/idle-assets/list
AggregateError [ECONNREFUSED]: 
    at internalConnectMultiple (node:net:1134:18)
    at afterConnectMultiple (node:net:1715:7)
6:09:12 PM [vite] http proxy error: /api/depreciation/methods
AggregateError [ECONNREFUSED]: 
    at internalConnectMultiple (node:net:1134:18)
    at afterConnectMultiple (node:net:1715:7)
6:09:12 PM [vite] http proxy error: /api/depreciation/schedules?page=1&size=10
AggregateError [ECONNREFUSED]: 
    at internalConnectMultiple (node:net:1134:18)
    at afterConnectMultiple (node:net:1715:7)
6:09:14 PM [vite] http proxy error: /api/depreciation/methods
AggregateError [ECONNREFUSED]: 
    at internalConnectMultiple (node:net:1134:18)
    at afterConnectMultiple (node:net:1715:7)
6:09:14 PM [vite] http proxy error: /api/depreciation/schedules?page=1&size=10
AggregateError [ECONNREFUSED]: 
    at internalConnectMultiple (node:net:1134:18)
    at afterConnectMultiple (node:net:1715:7)
6:09:21 PM [vite] (client) hmr update /src/pages/depreciation/DepreciationListPage.tsx, /src/styles/index.css
6:09:21 PM [vite] http proxy error: /api/depreciation/methods
AggregateError [ECONNREFUSED]: 
    at internalConnectMultiple (node:net:1134:18)
    at afterConnectMultiple (node:net:1715:7)
6:09:21 PM [vite] http proxy error: /api/depreciation/schedules?page=1&size=10
AggregateError [ECONNREFUSED]: 
    at internalConnectMultiple (node:net:1134:18)
    at afterConnectMultiple (node:net:1715:7)
6:09:33 PM [vite] (client) hmr update /src/pages/depreciation/DepreciationListPage.tsx, /src/styles/index.css
6:09:33 PM [vite] http proxy error: /api/depreciation/methods
AggregateError [ECONNREFUSED]: 
    at internalConnectMultiple (node:net:1134:18)
    at afterConnectMultiple (node:net:1715:7)
6:09:33 PM [vite] http proxy error: /api/depreciation/schedules?page=1&size=10
AggregateError [ECONNREFUSED]: 
    at internalConnectMultiple (node:net:1134:18)
    at afterConnectMultiple (node:net:1715:7)
6:11:00 PM [vite] (client) page reload src/api/safety.ts
6:11:01 PM [vite] http proxy error: /api/maintenance/list?page=1&pageSize=10
AggregateError [ECONNREFUSED]: 
    at internalConnectMultiple (node:net:1134:18)
    at afterConnectMultiple (node:net:1715:7)
6:11:01 PM [vite] http proxy error: /api/maintenance/upcoming?days=30
AggregateError [ECONNREFUSED]: 
    at internalConnectMultiple (node:net:1134:18)
    at afterConnectMultiple (node:net:1715:7)
6:11:01 PM [vite] http proxy error: /api/notifications/unread-count
AggregateError [ECONNREFUSED]: 
    at internalConnectMultiple (node:net:1134:18)
    at afterConnectMultiple (node:net:1715:7)
6:11:01 PM [vite] http proxy error: /api/depreciation/schedules?page=1&size=10
AggregateError [ECONNREFUSED]: 
    at internalConnectMultiple (node:net:1134:18)
    at afterConnectMultiple (node:net:1715:7)
6:11:01 PM [vite] http proxy error: /api/depreciation/methods
AggregateError [ECONNREFUSED]: 
    at internalConnectMultiple (node:net:1134:18)
    at afterConnectMultiple (node:net:1715:7)
6:11:01 PM [vite] http proxy error: /api/notifications/unread-count
AggregateError [ECONNREFUSED]: 
    at internalConnectMultiple (node:net:1134:18)
    at afterConnectMultiple (node:net:1715:7)
6:11:45 PM [vite] (client) page reload src/api/inspection.ts
6:11:45 PM [vite] http proxy error: /api/maintenance/upcoming?days=30
AggregateError [ECONNREFUSED]: 
    at internalConnectMultiple (node:net:1134:18)
    at afterConnectMultiple (node:net:1715:7)
6:11:45 PM [vite] http proxy error: /api/maintenance/list?page=1&pageSize=10
AggregateError [ECONNREFUSED]: 
    at internalConnectMultiple (node:net:1134:18)
    at afterConnectMultiple (node:net:1715:7)
6:11:45 PM [vite] http proxy error: /api/notifications/unread-count
AggregateError [ECONNREFUSED]: 
    at internalConnectMultiple (node:net:1134:18)
    at afterConnectMultiple (node:net:1715:7)
6:11:45 PM [vite] http proxy error: /api/depreciation/methods
AggregateError [ECONNREFUSED]: 
    at internalConnectMultiple (node:net:1134:18)
    at afterConnectMultiple (node:net:1715:7)
6:11:45 PM [vite] http proxy error: /api/depreciation/schedules?page=1&size=10
AggregateError [ECONNREFUSED]: 
    at internalConnectMultiple (node:net:1134:18)
    at afterConnectMultiple (node:net:1715:7)
6:11:45 PM [vite] http proxy error: /api/notifications/unread-count
AggregateError [ECONNREFUSED]: 
    at internalConnectMultiple (node:net:1134:18)
    at afterConnectMultiple (node:net:1715:7)
6:14:38 PM [vite] (client) page reload src/api/safety.ts
6:17:24 PM [vite] (client) hmr update /src/pages/depreciation/DepreciationListPage.tsx, /src/styles/index.css
6:18:43 PM [vite] (client) page reload src/api/risk.ts
6:20:13 PM [vite] (client) hmr update /src/styles/index.css, /src/router/index.tsx
6:20:14 PM [vite] (client) hmr invalidate /src/router/index.tsx Could not Fast Refresh ("default" export is incompatible). Learn more at https://github.com/vitejs/vite-plugin-react/tree/main/packages/plugin-react#consistent-components-exports
6:20:14 PM [vite] (client) page reload src/router/index.tsx
6:23:27 PM [vite] (client) hmr update /src/layouts/AppLayout.tsx, /src/styles/index.css
6:23:35 PM [vite] (client) hmr update /src/layouts/AppLayout.tsx, /src/styles/index.css
6:31:10 PM [vite] (client) hmr update /src/pages/inventory/InventoryTasksPage.tsx, /src/styles/index.css
6:31:11 PM [vite] (client) hmr update /src/pages/inventory/InventoryTasksPage.tsx, /src/styles/index.css
6:31:16 PM [vite] (client) hmr update /src/pages/inventory/InventoryTasksPage.tsx, /src/styles/index.css
6:31:31 PM [vite] (client) hmr update /src/pages/inventory/InventoryTasksPage.tsx, /src/styles/index.css
6:31:54 PM [vite] (client) hmr update /src/pages/inventory/InventoryTasksPage.tsx, /src/styles/index.css
6:32:51 PM [vite] (client) page reload src/api/risk.ts
6:32:51 PM [vite] (client) page reload src/types/risk.ts
6:34:40 PM [vite] (client) hmr update /src/router/index.tsx, /src/styles/index.css
6:34:40 PM [vite] (client) hmr invalidate /src/router/index.tsx Could not Fast Refresh ("default" export is incompatible). Learn more at https://github.com/vitejs/vite-plugin-react/tree/main/packages/plugin-react#consistent-components-exports
6:34:40 PM [vite] (client) page reload src/router/index.tsx
6:35:50 PM [vite] (client) hmr update /src/router/index.tsx, /src/styles/index.css
6:35:50 PM [vite] (client) hmr invalidate /src/router/index.tsx Could not Fast Refresh ("default" export is incompatible). Learn more at https://github.com/vitejs/vite-plugin-react/tree/main/packages/plugin-react#consistent-components-exports
6:35:50 PM [vite] (client) page reload src/router/index.tsx
6:37:22 PM [vite] (client) hmr update /src/pages/inventory/InventoryTasksPage.tsx, /src/styles/index.css
6:37:28 PM [vite] (client) hmr update /src/pages/inventory/InventoryTasksPage.tsx, /src/styles/index.css
6:37:29 PM [vite] Internal server error: /Users/feigao/project/Project/forthAMS/frontend/src/pages/inventory/InventoryTasksPage.tsx: Unexpected token, expected "," (1115:8)

  1113 |         </div>
  1114 |
> 1115 |         {/* ================================================================ */}
       |         ^
  1116 |         {/* ③ 新建任务 Dialog                                              */}
  1117 |         {/* ================================================================ */}
  1118 |         <Dialog open={createOpen} onOpenChange={setCreateOpen}>
  Plugin: vite:react-babel
  File: /Users/feigao/project/Project/forthAMS/frontend/src/pages/inventory/InventoryTasksPage.tsx:1115:8
  1113|          </div>
  1114|  
  1115|          {/* ================================================================ */}
     |          ^
  1116|          {/* ③ 新建任务 Dialog                                              */}
  1117|          {/* ================================================================ */}
      at constructor (/Users/feigao/project/Project/forthAMS/frontend/node_modules/@babel/parser/lib/index.js:365:19)
      at TypeScriptParserMixin.raise (/Users/feigao/project/Project/forthAMS/frontend/node_modules/@babel/parser/lib/index.js:6616:19)
      at TypeScriptParserMixin.unexpected (/Users/feigao/project/Project/forthAMS/frontend/node_modules/@babel/parser/lib/index.js:6636:16)
      at TypeScriptParserMixin.expect (/Users/feigao/project/Project/forthAMS/frontend/node_modules/@babel/parser/lib/index.js:6916:12)
      at TypeScriptParserMixin.parseParenAndDistinguishExpression (/Users/feigao/project/Project/forthAMS/frontend/node_modules/@babel/parser/lib/index.js:11678:14)
      at TypeScriptParserMixin.parseExprAtom (/Users/feigao/project/Project/forthAMS/frontend/node_modules/@babel/parser/lib/index.js:11348:23)
      at TypeScriptParserMixin.parseExprAtom (/Users/feigao/project/Project/forthAMS/frontend/node_modules/@babel/parser/lib/index.js:4776:20)
      at TypeScriptParserMixin.parseExprSubscripts (/Users/feigao/project/Project/forthAMS/frontend/node_modules/@babel/parser/lib/index.js:11098:23)
      at TypeScriptParserMixin.parseUpdate (/Users/feigao/project/Project/forthAMS/frontend/node_modules/@babel/parser/lib/index.js:11083:21)
      at TypeScriptParserMixin.parseMaybeUnary (/Users/feigao/project/Project/forthAMS/frontend/node_modules/@babel/parser/lib/index.js:11063:23)
      at TypeScriptParserMixin.parseMaybeUnary (/Users/feigao/project/Project/forthAMS/frontend/node_modules/@babel/parser/lib/index.js:9854:18)
      at TypeScriptParserMixin.parseMaybeUnaryOrPrivate (/Users/feigao/project/Project/forthAMS/frontend/node_modules/@babel/parser/lib/index.js:10916:61)
      at TypeScriptParserMixin.parseExprOps (/Users/feigao/project/Project/forthAMS/frontend/node_modules/@babel/parser/lib/index.js:10921:23)
      at TypeScriptParserMixin.parseMaybeConditional (/Users/feigao/project/Project/forthAMS/frontend/node_modules/@babel/parser/lib/index.js:10898:23)
      at TypeScriptParserMixin.parseMaybeAssign (/Users/feigao/project/Project/forthAMS/frontend/node_modules/@babel/parser/lib/index.js:10848:21)
      at TypeScriptParserMixin.parseMaybeAssign (/Users/feigao/project/Project/forthAMS/frontend/node_modules/@babel/parser/lib/index.js:9803:20)
      at TypeScriptParserMixin.parseExpressionBase (/Users/feigao/project/Project/forthAMS/frontend/node_modules/@babel/parser/lib/index.js:10801:23)
      at /Users/feigao/project/Project/forthAMS/frontend/node_modules/@babel/parser/lib/index.js:10797:39
      at TypeScriptParserMixin.allowInAnd (/Users/feigao/project/Project/forthAMS/frontend/node_modules/@babel/parser/lib/index.js:12438:16)
      at TypeScriptParserMixin.parseExpression (/Users/feigao/project/Project/forthAMS/frontend/node_modules/@babel/parser/lib/index.js:10797:17)
      at TypeScriptParserMixin.parseReturnStatement (/Users/feigao/project/Project/forthAMS/frontend/node_modules/@babel/parser/lib/index.js:13159:28)
      at TypeScriptParserMixin.parseStatementContent (/Users/feigao/project/Project/forthAMS/frontend/node_modules/@babel/parser/lib/index.js:12815:21)
      at TypeScriptParserMixin.parseStatementContent (/Users/feigao/project/Project/forthAMS/frontend/node_modules/@babel/parser/lib/index.js:9525:18)
      at TypeScriptParserMixin.parseStatementLike (/Users/feigao/project/Project/forthAMS/frontend/node_modules/@babel/parser/lib/index.js:12784:17)
      at TypeScriptParserMixin.parseStatementListItem (/Users/feigao/project/Project/forthAMS/frontend/node_modules/@babel/parser/lib/index.js:12764:17)
      at TypeScriptParserMixin.parseBlockOrModuleBlockBody (/Users/feigao/project/Project/forthAMS/frontend/node_modules/@babel/parser/lib/index.js:13333:61)
      at TypeScriptParserMixin.parseBlockBody (/Users/feigao/project/Project/forthAMS/frontend/node_modules/@babel/parser/lib/index.js:13326:10)
      at TypeScriptParserMixin.parseBlock (/Users/feigao/project/Project/forthAMS/frontend/node_modules/@babel/parser/lib/index.js:13314:10)
      at TypeScriptParserMixin.parseFunctionBody (/Users/feigao/project/Project/forthAMS/frontend/node_modules/@babel/parser/lib/index.js:12117:24)
      at TypeScriptParserMixin.parseFunctionBodyAndFinish (/Users/feigao/project/Project/forthAMS/frontend/node_modules/@babel/parser/lib/index.js:12103:10)
      at TypeScriptParserMixin.parseFunctionBodyAndFinish (/Users/feigao/project/Project/forthAMS/frontend/node_modules/@babel/parser/lib/index.js:9189:18)
      at /Users/feigao/project/Project/forthAMS/frontend/node_modules/@babel/parser/lib/index.js:13462:12
      at TypeScriptParserMixin.withSmartMixTopicForbiddingContext (/Users/feigao/project/Project/forthAMS/frontend/node_modules/@babel/parser/lib/index.js:12420:14)
      at TypeScriptParserMixin.parseFunction (/Users/feigao/project/Project/forthAMS/frontend/node_modules/@babel/parser/lib/index.js:13461:10)
      at TypeScriptParserMixin.parseExportDefaultExpression (/Users/feigao/project/Project/forthAMS/frontend/node_modules/@babel/parser/lib/index.js:13924:19)
      at TypeScriptParserMixin.parseExportDefaultExpression (/Users/feigao/project/Project/forthAMS/frontend/node_modules/@babel/parser/lib/index.js:9419:18)
      at TypeScriptParserMixin.parseExport (/Users/feigao/project/Project/forthAMS/frontend/node_modules/@babel/parser/lib/index.js:13845:25)
      at TypeScriptParserMixin.parseExport (/Users/feigao/project/Project/forthAMS/frontend/node_modules/@babel/parser/lib/index.js:9402:20)
      at TypeScriptParserMixin.parseStatementContent (/Users/feigao/project/Project/forthAMS/frontend/node_modules/@babel/parser/lib/index.js:12895:27)
      at TypeScriptParserMixin.parseStatementContent (/Users/feigao/project/Project/forthAMS/frontend/node_modules/@babel/parser/lib/index.js:9525:18)
      at TypeScriptParserMixin.parseStatementLike (/Users/feigao/project/Project/forthAMS/frontend/node_modules/@babel/parser/lib/index.js:12784:17)
      at TypeScriptParserMixin.parseModuleItem (/Users/feigao/project/Project/forthAMS/frontend/node_modules/@babel/parser/lib/index.js:12761:17)
      at TypeScriptParserMixin.parseBlockOrModuleBlockBody (/Users/feigao/project/Project/forthAMS/frontend/node_modules/@babel/parser/lib/index.js:13333:36)
      at TypeScriptParserMixin.parseBlockBody (/Users/feigao/project/Project/forthAMS/frontend/node_modules/@babel/parser/lib/index.js:13326:10)
      at TypeScriptParserMixin.parseProgram (/Users/feigao/project/Project/forthAMS/frontend/node_modules/@babel/parser/lib/index.js:12639:10)
      at TypeScriptParserMixin.parseTopLevel (/Users/feigao/project/Project/forthAMS/frontend/node_modules/@babel/parser/lib/index.js:12629:25)
      at TypeScriptParserMixin.parse (/Users/feigao/project/Project/forthAMS/frontend/node_modules/@babel/parser/lib/index.js:14505:25)
      at TypeScriptParserMixin.parse (/Users/feigao/project/Project/forthAMS/frontend/node_modules/@babel/parser/lib/index.js:10143:18)
      at parse (/Users/feigao/project/Project/forthAMS/frontend/node_modules/@babel/parser/lib/index.js:14539:38)
      at parser (/Users/feigao/project/Project/forthAMS/frontend/node_modules/@babel/core/lib/parser/index.js:41:34)
6:37:33 PM [vite] (client) hmr update /src/pages/inventory/InventoryTasksPage.tsx, /src/styles/index.css
6:37:33 PM [vite] Internal server error: /Users/feigao/project/Project/forthAMS/frontend/src/pages/inventory/InventoryTasksPage.tsx: Unexpected token, expected "," (1116:8)

  1114 |         </div>
  1115 |
> 1116 |         {/* ================================================================ */}
       |         ^
  1117 |         {/* ③ 新建任务 Dialog                                              */}
  1118 |         {/* ================================================================ */}
  1119 |         <Dialog open={createOpen} onOpenChange={setCreateOpen}>
  Plugin: vite:react-babel
  File: /Users/feigao/project/Project/forthAMS/frontend/src/pages/inventory/InventoryTasksPage.tsx:1116:8
  1114|          </div>
  1115|  
  1116|          {/* ================================================================ */}
     |          ^
  1117|          {/* ③ 新建任务 Dialog                                              */}
  1118|          {/* ================================================================ */}
      at constructor (/Users/feigao/project/Project/forthAMS/frontend/node_modules/@babel/parser/lib/index.js:365:19)
      at TypeScriptParserMixin.raise (/Users/feigao/project/Project/forthAMS/frontend/node_modules/@babel/parser/lib/index.js:6616:19)
      at TypeScriptParserMixin.unexpected (/Users/feigao/project/Project/forthAMS/frontend/node_modules/@babel/parser/lib/index.js:6636:16)
      at TypeScriptParserMixin.expect (/Users/feigao/project/Project/forthAMS/frontend/node_modules/@babel/parser/lib/index.js:6916:12)
      at TypeScriptParserMixin.parseParenAndDistinguishExpression (/Users/feigao/project/Project/forthAMS/frontend/node_modules/@babel/parser/lib/index.js:11678:14)
      at TypeScriptParserMixin.parseExprAtom (/Users/feigao/project/Project/forthAMS/frontend/node_modules/@babel/parser/lib/index.js:11348:23)
      at TypeScriptParserMixin.parseExprAtom (/Users/feigao/project/Project/forthAMS/frontend/node_modules/@babel/parser/lib/index.js:4776:20)
      at TypeScriptParserMixin.parseExprSubscripts (/Users/feigao/project/Project/forthAMS/frontend/node_modules/@babel/parser/lib/index.js:11098:23)
      at TypeScriptParserMixin.parseUpdate (/Users/feigao/project/Project/forthAMS/frontend/node_modules/@babel/parser/lib/index.js:11083:21)
      at TypeScriptParserMixin.parseMaybeUnary (/Users/feigao/project/Project/forthAMS/frontend/node_modules/@babel/parser/lib/index.js:11063:23)
      at TypeScriptParserMixin.parseMaybeUnary (/Users/feigao/project/Project/forthAMS/frontend/node_modules/@babel/parser/lib/index.js:9854:18)
      at TypeScriptParserMixin.parseMaybeUnaryOrPrivate (/Users/feigao/project/Project/forthAMS/frontend/node_modules/@babel/parser/lib/index.js:10916:61)
      at TypeScriptParserMixin.parseExprOps (/Users/feigao/project/Project/forthAMS/frontend/node_modules/@babel/parser/lib/index.js:10921:23)
      at TypeScriptParserMixin.parseMaybeConditional (/Users/feigao/project/Project/forthAMS/frontend/node_modules/@babel/parser/lib/index.js:10898:23)
      at TypeScriptParserMixin.parseMaybeAssign (/Users/feigao/project/Project/forthAMS/frontend/node_modules/@babel/parser/lib/index.js:10848:21)
      at TypeScriptParserMixin.parseMaybeAssign (/Users/feigao/project/Project/forthAMS/frontend/node_modules/@babel/parser/lib/index.js:9803:20)
      at TypeScriptParserMixin.parseExpressionBase (/Users/feigao/project/Project/forthAMS/frontend/node_modules/@babel/parser/lib/index.js:10801:23)
      at /Users/feigao/project/Project/forthAMS/frontend/node_modules/@babel/parser/lib/index.js:10797:39
      at TypeScriptParserMixin.allowInAnd (/Users/feigao/project/Project/forthAMS/frontend/node_modules/@babel/parser/lib/index.js:12438:16)
      at TypeScriptParserMixin.parseExpression (/Users/feigao/project/Project/forthAMS/frontend/node_modules/@babel/parser/lib/index.js:10797:17)
      at TypeScriptParserMixin.parseReturnStatement (/Users/feigao/project/Project/forthAMS/frontend/node_modules/@babel/parser/lib/index.js:13159:28)
      at TypeScriptParserMixin.parseStatementContent (/Users/feigao/project/Project/forthAMS/frontend/node_modules/@babel/parser/lib/index.js:12815:21)
      at TypeScriptParserMixin.parseStatementContent (/Users/feigao/project/Project/forthAMS/frontend/node_modules/@babel/parser/lib/index.js:9525:18)
      at TypeScriptParserMixin.parseStatementLike (/Users/feigao/project/Project/forthAMS/frontend/node_modules/@babel/parser/lib/index.js:12784:17)
      at TypeScriptParserMixin.parseStatementListItem (/Users/feigao/project/Project/forthAMS/frontend/node_modules/@babel/parser/lib/index.js:12764:17)
      at TypeScriptParserMixin.parseBlockOrModuleBlockBody (/Users/feigao/project/Project/forthAMS/frontend/node_modules/@babel/parser/lib/index.js:13333:61)
      at TypeScriptParserMixin.parseBlockBody (/Users/feigao/project/Project/forthAMS/frontend/node_modules/@babel/parser/lib/index.js:13326:10)
      at TypeScriptParserMixin.parseBlock (/Users/feigao/project/Project/forthAMS/frontend/node_modules/@babel/parser/lib/index.js:13314:10)
      at TypeScriptParserMixin.parseFunctionBody (/Users/feigao/project/Project/forthAMS/frontend/node_modules/@babel/parser/lib/index.js:12117:24)
      at TypeScriptParserMixin.parseFunctionBodyAndFinish (/Users/feigao/project/Project/forthAMS/frontend/node_modules/@babel/parser/lib/index.js:12103:10)
      at TypeScriptParserMixin.parseFunctionBodyAndFinish (/Users/feigao/project/Project/forthAMS/frontend/node_modules/@babel/parser/lib/index.js:9189:18)
      at /Users/feigao/project/Project/forthAMS/frontend/node_modules/@babel/parser/lib/index.js:13462:12
      at TypeScriptParserMixin.withSmartMixTopicForbiddingContext (/Users/feigao/project/Project/forthAMS/frontend/node_modules/@babel/parser/lib/index.js:12420:14)
      at TypeScriptParserMixin.parseFunction (/Users/feigao/project/Project/forthAMS/frontend/node_modules/@babel/parser/lib/index.js:13461:10)
      at TypeScriptParserMixin.parseExportDefaultExpression (/Users/feigao/project/Project/forthAMS/frontend/node_modules/@babel/parser/lib/index.js:13924:19)
      at TypeScriptParserMixin.parseExportDefaultExpression (/Users/feigao/project/Project/forthAMS/frontend/node_modules/@babel/parser/lib/index.js:9419:18)
      at TypeScriptParserMixin.parseExport (/Users/feigao/project/Project/forthAMS/frontend/node_modules/@babel/parser/lib/index.js:13845:25)
      at TypeScriptParserMixin.parseExport (/Users/feigao/project/Project/forthAMS/frontend/node_modules/@babel/parser/lib/index.js:9402:20)
      at TypeScriptParserMixin.parseStatementContent (/Users/feigao/project/Project/forthAMS/frontend/node_modules/@babel/parser/lib/index.js:12895:27)
      at TypeScriptParserMixin.parseStatementContent (/Users/feigao/project/Project/forthAMS/frontend/node_modules/@babel/parser/lib/index.js:9525:18)
      at TypeScriptParserMixin.parseStatementLike (/Users/feigao/project/Project/forthAMS/frontend/node_modules/@babel/parser/lib/index.js:12784:17)
      at TypeScriptParserMixin.parseModuleItem (/Users/feigao/project/Project/forthAMS/frontend/node_modules/@babel/parser/lib/index.js:12761:17)
      at TypeScriptParserMixin.parseBlockOrModuleBlockBody (/Users/feigao/project/Project/forthAMS/frontend/node_modules/@babel/parser/lib/index.js:13333:36)
      at TypeScriptParserMixin.parseBlockBody (/Users/feigao/project/Project/forthAMS/frontend/node_modules/@babel/parser/lib/index.js:13326:10)
      at TypeScriptParserMixin.parseProgram (/Users/feigao/project/Project/forthAMS/frontend/node_modules/@babel/parser/lib/index.js:12639:10)
      at TypeScriptParserMixin.parseTopLevel (/Users/feigao/project/Project/forthAMS/frontend/node_modules/@babel/parser/lib/index.js:12629:25)
      at TypeScriptParserMixin.parse (/Users/feigao/project/Project/forthAMS/frontend/node_modules/@babel/parser/lib/index.js:14505:25)
      at TypeScriptParserMixin.parse (/Users/feigao/project/Project/forthAMS/frontend/node_modules/@babel/parser/lib/index.js:10143:18)
      at parse (/Users/feigao/project/Project/forthAMS/frontend/node_modules/@babel/parser/lib/index.js:14539:38)
      at parser (/Users/feigao/project/Project/forthAMS/frontend/node_modules/@babel/core/lib/parser/index.js:41:34)
6:37:45 PM [vite] (client) hmr update /src/pages/inventory/InventoryTasksPage.tsx, /src/styles/index.css
6:37:45 PM [vite] Internal server error: /Users/feigao/project/Project/forthAMS/frontend/src/pages/inventory/InventoryTasksPage.tsx: Unexpected token, expected "," (1146:8)

  1144 |         </div>
  1145 |
> 1146 |         {/* ================================================================ */}
       |         ^
  1147 |         {/* ③ 新建任务 Dialog                                              */}
  1148 |         {/* ================================================================ */}
  1149 |         <Dialog open={createOpen} onOpenChange={setCreateOpen}>
  Plugin: vite:react-babel
  File: /Users/feigao/project/Project/forthAMS/frontend/src/pages/inventory/InventoryTasksPage.tsx:1146:8
  1144|          </div>
  1145|  
  1146|          {/* ================================================================ */}
     |          ^
  1147|          {/* ③ 新建任务 Dialog                                              */}
  1148|          {/* ================================================================ */}
      at constructor (/Users/feigao/project/Project/forthAMS/frontend/node_modules/@babel/parser/lib/index.js:365:19)
      at TypeScriptParserMixin.raise (/Users/feigao/project/Project/forthAMS/frontend/node_modules/@babel/parser/lib/index.js:6616:19)
      at TypeScriptParserMixin.unexpected (/Users/feigao/project/Project/forthAMS/frontend/node_modules/@babel/parser/lib/index.js:6636:16)
      at TypeScriptParserMixin.expect (/Users/feigao/project/Project/forthAMS/frontend/node_modules/@babel/parser/lib/index.js:6916:12)
      at TypeScriptParserMixin.parseParenAndDistinguishExpression (/Users/feigao/project/Project/forthAMS/frontend/node_modules/@babel/parser/lib/index.js:11678:14)
      at TypeScriptParserMixin.parseExprAtom (/Users/feigao/project/Project/forthAMS/frontend/node_modules/@babel/parser/lib/index.js:11348:23)
      at TypeScriptParserMixin.parseExprAtom (/Users/feigao/project/Project/forthAMS/frontend/node_modules/@babel/parser/lib/index.js:4776:20)
      at TypeScriptParserMixin.parseExprSubscripts (/Users/feigao/project/Project/forthAMS/frontend/node_modules/@babel/parser/lib/index.js:11098:23)
      at TypeScriptParserMixin.parseUpdate (/Users/feigao/project/Project/forthAMS/frontend/node_modules/@babel/parser/lib/index.js:11083:21)
      at TypeScriptParserMixin.parseMaybeUnary (/Users/feigao/project/Project/forthAMS/frontend/node_modules/@babel/parser/lib/index.js:11063:23)
      at TypeScriptParserMixin.parseMaybeUnary (/Users/feigao/project/Project/forthAMS/frontend/node_modules/@babel/parser/lib/index.js:9854:18)
      at TypeScriptParserMixin.parseMaybeUnaryOrPrivate (/Users/feigao/project/Project/forthAMS/frontend/node_modules/@babel/parser/lib/index.js:10916:61)
      at TypeScriptParserMixin.parseExprOps (/Users/feigao/project/Project/forthAMS/frontend/node_modules/@babel/parser/lib/index.js:10921:23)
      at TypeScriptParserMixin.parseMaybeConditional (/Users/feigao/project/Project/forthAMS/frontend/node_modules/@babel/parser/lib/index.js:10898:23)
      at TypeScriptParserMixin.parseMaybeAssign (/Users/feigao/project/Project/forthAMS/frontend/node_modules/@babel/parser/lib/index.js:10848:21)
      at TypeScriptParserMixin.parseMaybeAssign (/Users/feigao/project/Project/forthAMS/frontend/node_modules/@babel/parser/lib/index.js:9803:20)
      at TypeScriptParserMixin.parseExpressionBase (/Users/feigao/project/Project/forthAMS/frontend/node_modules/@babel/parser/lib/index.js:10801:23)
      at /Users/feigao/project/Project/forthAMS/frontend/node_modules/@babel/parser/lib/index.js:10797:39
      at TypeScriptParserMixin.allowInAnd (/Users/feigao/project/Project/forthAMS/frontend/node_modules/@babel/parser/lib/index.js:12438:16)
      at TypeScriptParserMixin.parseExpression (/Users/feigao/project/Project/forthAMS/frontend/node_modules/@babel/parser/lib/index.js:10797:17)
      at TypeScriptParserMixin.parseReturnStatement (/Users/feigao/project/Project/forthAMS/frontend/node_modules/@babel/parser/lib/index.js:13159:28)
      at TypeScriptParserMixin.parseStatementContent (/Users/feigao/project/Project/forthAMS/frontend/node_modules/@babel/parser/lib/index.js:12815:21)
      at TypeScriptParserMixin.parseStatementContent (/Users/feigao/project/Project/forthAMS/frontend/node_modules/@babel/parser/lib/index.js:9525:18)
      at TypeScriptParserMixin.parseStatementLike (/Users/feigao/project/Project/forthAMS/frontend/node_modules/@babel/parser/lib/index.js:12784:17)
      at TypeScriptParserMixin.parseStatementListItem (/Users/feigao/project/Project/forthAMS/frontend/node_modules/@babel/parser/lib/index.js:12764:17)
      at TypeScriptParserMixin.parseBlockOrModuleBlockBody (/Users/feigao/project/Project/forthAMS/frontend/node_modules/@babel/parser/lib/index.js:13333:61)
      at TypeScriptParserMixin.parseBlockBody (/Users/feigao/project/Project/forthAMS/frontend/node_modules/@babel/parser/lib/index.js:13326:10)
      at TypeScriptParserMixin.parseBlock (/Users/feigao/project/Project/forthAMS/frontend/node_modules/@babel/parser/lib/index.js:13314:10)
      at TypeScriptParserMixin.parseFunctionBody (/Users/feigao/project/Project/forthAMS/frontend/node_modules/@babel/parser/lib/index.js:12117:24)
      at TypeScriptParserMixin.parseFunctionBodyAndFinish (/Users/feigao/project/Project/forthAMS/frontend/node_modules/@babel/parser/lib/index.js:12103:10)
      at TypeScriptParserMixin.parseFunctionBodyAndFinish (/Users/feigao/project/Project/forthAMS/frontend/node_modules/@babel/parser/lib/index.js:9189:18)
      at /Users/feigao/project/Project/forthAMS/frontend/node_modules/@babel/parser/lib/index.js:13462:12
      at TypeScriptParserMixin.withSmartMixTopicForbiddingContext (/Users/feigao/project/Project/forthAMS/frontend/node_modules/@babel/parser/lib/index.js:12420:14)
      at TypeScriptParserMixin.parseFunction (/Users/feigao/project/Project/forthAMS/frontend/node_modules/@babel/parser/lib/index.js:13461:10)
      at TypeScriptParserMixin.parseExportDefaultExpression (/Users/feigao/project/Project/forthAMS/frontend/node_modules/@babel/parser/lib/index.js:13924:19)
      at TypeScriptParserMixin.parseExportDefaultExpression (/Users/feigao/project/Project/forthAMS/frontend/node_modules/@babel/parser/lib/index.js:9419:18)
      at TypeScriptParserMixin.parseExport (/Users/feigao/project/Project/forthAMS/frontend/node_modules/@babel/parser/lib/index.js:13845:25)
      at TypeScriptParserMixin.parseExport (/Users/feigao/project/Project/forthAMS/frontend/node_modules/@babel/parser/lib/index.js:9402:20)
      at TypeScriptParserMixin.parseStatementContent (/Users/feigao/project/Project/forthAMS/frontend/node_modules/@babel/parser/lib/index.js:12895:27)
      at TypeScriptParserMixin.parseStatementContent (/Users/feigao/project/Project/forthAMS/frontend/node_modules/@babel/parser/lib/index.js:9525:18)
      at TypeScriptParserMixin.parseStatementLike (/Users/feigao/project/Project/forthAMS/frontend/node_modules/@babel/parser/lib/index.js:12784:17)
      at TypeScriptParserMixin.parseModuleItem (/Users/feigao/project/Project/forthAMS/frontend/node_modules/@babel/parser/lib/index.js:12761:17)
      at TypeScriptParserMixin.parseBlockOrModuleBlockBody (/Users/feigao/project/Project/forthAMS/frontend/node_modules/@babel/parser/lib/index.js:13333:36)
      at TypeScriptParserMixin.parseBlockBody (/Users/feigao/project/Project/forthAMS/frontend/node_modules/@babel/parser/lib/index.js:13326:10)
      at TypeScriptParserMixin.parseProgram (/Users/feigao/project/Project/forthAMS/frontend/node_modules/@babel/parser/lib/index.js:12639:10)
      at TypeScriptParserMixin.parseTopLevel (/Users/feigao/project/Project/forthAMS/frontend/node_modules/@babel/parser/lib/index.js:12629:25)
      at TypeScriptParserMixin.parse (/Users/feigao/project/Project/forthAMS/frontend/node_modules/@babel/parser/lib/index.js:14505:25)
      at TypeScriptParserMixin.parse (/Users/feigao/project/Project/forthAMS/frontend/node_modules/@babel/parser/lib/index.js:10143:18)
      at parse (/Users/feigao/project/Project/forthAMS/frontend/node_modules/@babel/parser/lib/index.js:14539:38)
      at parser (/Users/feigao/project/Project/forthAMS/frontend/node_modules/@babel/core/lib/parser/index.js:41:34)
6:38:03 PM [vite] (client) hmr update /src/pages/inventory/InventoryTasksPage.tsx, /src/styles/index.css
6:38:03 PM [vite] Internal server error: /Users/feigao/project/Project/forthAMS/frontend/src/pages/inventory/InventoryTasksPage.tsx: Unexpected token, expected "," (1187:8)

  1185 |         </div>
  1186 |
> 1187 |         {/* ================================================================ */}
       |         ^
  1188 |         {/* ③ 新建任务 Dialog                                              */}
  1189 |         {/* ================================================================ */}
  1190 |         <Dialog open={createOpen} onOpenChange={setCreateOpen}>
  Plugin: vite:react-babel
  File: /Users/feigao/project/Project/forthAMS/frontend/src/pages/inventory/InventoryTasksPage.tsx:1187:8
  1185|          </div>
  1186|  
  1187|          {/* ================================================================ */}
     |          ^
  1188|          {/* ③ 新建任务 Dialog                                              */}
  1189|          {/* ================================================================ */}
      at constructor (/Users/feigao/project/Project/forthAMS/frontend/node_modules/@babel/parser/lib/index.js:365:19)
      at TypeScriptParserMixin.raise (/Users/feigao/project/Project/forthAMS/frontend/node_modules/@babel/parser/lib/index.js:6616:19)
      at TypeScriptParserMixin.unexpected (/Users/feigao/project/Project/forthAMS/frontend/node_modules/@babel/parser/lib/index.js:6636:16)
      at TypeScriptParserMixin.expect (/Users/feigao/project/Project/forthAMS/frontend/node_modules/@babel/parser/lib/index.js:6916:12)
      at TypeScriptParserMixin.parseParenAndDistinguishExpression (/Users/feigao/project/Project/forthAMS/frontend/node_modules/@babel/parser/lib/index.js:11678:14)
      at TypeScriptParserMixin.parseExprAtom (/Users/feigao/project/Project/forthAMS/frontend/node_modules/@babel/parser/lib/index.js:11348:23)
      at TypeScriptParserMixin.parseExprAtom (/Users/feigao/project/Project/forthAMS/frontend/node_modules/@babel/parser/lib/index.js:4776:20)
      at TypeScriptParserMixin.parseExprSubscripts (/Users/feigao/project/Project/forthAMS/frontend/node_modules/@babel/parser/lib/index.js:11098:23)
      at TypeScriptParserMixin.parseUpdate (/Users/feigao/project/Project/forthAMS/frontend/node_modules/@babel/parser/lib/index.js:11083:21)
      at TypeScriptParserMixin.parseMaybeUnary (/Users/feigao/project/Project/forthAMS/frontend/node_modules/@babel/parser/lib/index.js:11063:23)
      at TypeScriptParserMixin.parseMaybeUnary (/Users/feigao/project/Project/forthAMS/frontend/node_modules/@babel/parser/lib/index.js:9854:18)
      at TypeScriptParserMixin.parseMaybeUnaryOrPrivate (/Users/feigao/project/Project/forthAMS/frontend/node_modules/@babel/parser/lib/index.js:10916:61)
      at TypeScriptParserMixin.parseExprOps (/Users/feigao/project/Project/forthAMS/frontend/node_modules/@babel/parser/lib/index.js:10921:23)
      at TypeScriptParserMixin.parseMaybeConditional (/Users/feigao/project/Project/forthAMS/frontend/node_modules/@babel/parser/lib/index.js:10898:23)
      at TypeScriptParserMixin.parseMaybeAssign (/Users/feigao/project/Project/forthAMS/frontend/node_modules/@babel/parser/lib/index.js:10848:21)
      at TypeScriptParserMixin.parseMaybeAssign (/Users/feigao/project/Project/forthAMS/frontend/node_modules/@babel/parser/lib/index.js:9803:20)
      at TypeScriptParserMixin.parseExpressionBase (/Users/feigao/project/Project/forthAMS/frontend/node_modules/@babel/parser/lib/index.js:10801:23)
      at /Users/feigao/project/Project/forthAMS/frontend/node_modules/@babel/parser/lib/index.js:10797:39
      at TypeScriptParserMixin.allowInAnd (/Users/feigao/project/Project/forthAMS/frontend/node_modules/@babel/parser/lib/index.js:12438:16)
      at TypeScriptParserMixin.parseExpression (/Users/feigao/project/Project/forthAMS/frontend/node_modules/@babel/parser/lib/index.js:10797:17)
      at TypeScriptParserMixin.parseReturnStatement (/Users/feigao/project/Project/forthAMS/frontend/node_modules/@babel/parser/lib/index.js:13159:28)
      at TypeScriptParserMixin.parseStatementContent (/Users/feigao/project/Project/forthAMS/frontend/node_modules/@babel/parser/lib/index.js:12815:21)
      at TypeScriptParserMixin.parseStatementContent (/Users/feigao/project/Project/forthAMS/frontend/node_modules/@babel/parser/lib/index.js:9525:18)
      at TypeScriptParserMixin.parseStatementLike (/Users/feigao/project/Project/forthAMS/frontend/node_modules/@babel/parser/lib/index.js:12784:17)
      at TypeScriptParserMixin.parseStatementListItem (/Users/feigao/project/Project/forthAMS/frontend/node_modules/@babel/parser/lib/index.js:12764:17)
      at TypeScriptParserMixin.parseBlockOrModuleBlockBody (/Users/feigao/project/Project/forthAMS/frontend/node_modules/@babel/parser/lib/index.js:13333:61)
      at TypeScriptParserMixin.parseBlockBody (/Users/feigao/project/Project/forthAMS/frontend/node_modules/@babel/parser/lib/index.js:13326:10)
      at TypeScriptParserMixin.parseBlock (/Users/feigao/project/Project/forthAMS/frontend/node_modules/@babel/parser/lib/index.js:13314:10)
      at TypeScriptParserMixin.parseFunctionBody (/Users/feigao/project/Project/forthAMS/frontend/node_modules/@babel/parser/lib/index.js:12117:24)
      at TypeScriptParserMixin.parseFunctionBodyAndFinish (/Users/feigao/project/Project/forthAMS/frontend/node_modules/@babel/parser/lib/index.js:12103:10)
      at TypeScriptParserMixin.parseFunctionBodyAndFinish (/Users/feigao/project/Project/forthAMS/frontend/node_modules/@babel/parser/lib/index.js:9189:18)
      at /Users/feigao/project/Project/forthAMS/frontend/node_modules/@babel/parser/lib/index.js:13462:12
      at TypeScriptParserMixin.withSmartMixTopicForbiddingContext (/Users/feigao/project/Project/forthAMS/frontend/node_modules/@babel/parser/lib/index.js:12420:14)
      at TypeScriptParserMixin.parseFunction (/Users/feigao/project/Project/forthAMS/frontend/node_modules/@babel/parser/lib/index.js:13461:10)
      at TypeScriptParserMixin.parseExportDefaultExpression (/Users/feigao/project/Project/forthAMS/frontend/node_modules/@babel/parser/lib/index.js:13924:19)
      at TypeScriptParserMixin.parseExportDefaultExpression (/Users/feigao/project/Project/forthAMS/frontend/node_modules/@babel/parser/lib/index.js:9419:18)
      at TypeScriptParserMixin.parseExport (/Users/feigao/project/Project/forthAMS/frontend/node_modules/@babel/parser/lib/index.js:13845:25)
      at TypeScriptParserMixin.parseExport (/Users/feigao/project/Project/forthAMS/frontend/node_modules/@babel/parser/lib/index.js:9402:20)
      at TypeScriptParserMixin.parseStatementContent (/Users/feigao/project/Project/forthAMS/frontend/node_modules/@babel/parser/lib/index.js:12895:27)
      at TypeScriptParserMixin.parseStatementContent (/Users/feigao/project/Project/forthAMS/frontend/node_modules/@babel/parser/lib/index.js:9525:18)
      at TypeScriptParserMixin.parseStatementLike (/Users/feigao/project/Project/forthAMS/frontend/node_modules/@babel/parser/lib/index.js:12784:17)
      at TypeScriptParserMixin.parseModuleItem (/Users/feigao/project/Project/forthAMS/frontend/node_modules/@babel/parser/lib/index.js:12761:17)
      at TypeScriptParserMixin.parseBlockOrModuleBlockBody (/Users/feigao/project/Project/forthAMS/frontend/node_modules/@babel/parser/lib/index.js:13333:36)
      at TypeScriptParserMixin.parseBlockBody (/Users/feigao/project/Project/forthAMS/frontend/node_modules/@babel/parser/lib/index.js:13326:10)
      at TypeScriptParserMixin.parseProgram (/Users/feigao/project/Project/forthAMS/frontend/node_modules/@babel/parser/lib/index.js:12639:10)
      at TypeScriptParserMixin.parseTopLevel (/Users/feigao/project/Project/forthAMS/frontend/node_modules/@babel/parser/lib/index.js:12629:25)
      at TypeScriptParserMixin.parse (/Users/feigao/project/Project/forthAMS/frontend/node_modules/@babel/parser/lib/index.js:14505:25)
      at TypeScriptParserMixin.parse (/Users/feigao/project/Project/forthAMS/frontend/node_modules/@babel/parser/lib/index.js:10143:18)
      at parse (/Users/feigao/project/Project/forthAMS/frontend/node_modules/@babel/parser/lib/index.js:14539:38)
      at parser (/Users/feigao/project/Project/forthAMS/frontend/node_modules/@babel/core/lib/parser/index.js:41:34)
6:38:53 PM [vite] (client) hmr update /src/pages/inventory/InventoryTasksPage.tsx, /src/styles/index.css
6:39:07 PM [vite] (client) hmr update /src/pages/inventory/InventoryTasksPage.tsx, /src/styles/index.css
6:39:08 PM [vite] (client) hmr update /src/pages/inventory/InventoryTasksPage.tsx, /src/styles/index.css
7:03:12 PM [vite] (client) hmr update /src/pages/inventory/InventoryDetailPage.tsx, /src/styles/index.css
7:03:20 PM [vite] (client) hmr update /src/pages/inventory/InventoryDetailPage.tsx, /src/styles/index.css
7:03:27 PM [vite] (client) hmr update /src/pages/inventory/InventoryDetailPage.tsx, /src/styles/index.css
7:03:31 PM [vite] (client) hmr update /src/pages/inventory/InventoryDetailPage.tsx, /src/styles/index.css
7:03:34 PM [vite] (client) hmr update /src/pages/inventory/InventoryDetailPage.tsx, /src/styles/index.css
7:03:37 PM [vite] (client) hmr update /src/pages/inventory/InventoryDetailPage.tsx, /src/styles/index.css
7:10:05 PM [vite] (client) page reload src/api/safety.ts
7:10:34 PM [vite] (client) page reload src/types/safety.ts
7:10:51 PM [vite] (client) page reload src/api/safety.ts
7:13:03 PM [vite] (client) page reload src/app/routes/AppRoutes.tsx
7:13:16 PM [vite] (client) page reload src/app/routes/AppRoutes.tsx
7:15:05 PM [vite] (client) page reload src/types/safety.ts
7:15:05 PM [vite] (client) page reload src/api/safety.ts
7:16:28 PM [vite] (client) page reload src/api/safety.ts
7:24:27 PM [vite] (client) page reload src/app/routes/AppRoutes.tsx
7:24:44 PM [vite] (client) page reload src/app/routes/AppRoutes.tsx
7:44:20 PM [vite] (client) hmr update /src/pages/asset/AssetListPage.tsx, /src/styles/index.css
7:46:28 PM [vite] (client) hmr update /src/pages/maintenance/MaintenancePage.tsx, /src/styles/index.css
7:48:57 PM [vite] (client) hmr update /src/pages/disposal/DisposalListPage.tsx, /src/styles/index.css
7:49:03 PM [vite] (client) hmr update /src/pages/idle/IdleAssetsPage.tsx, /src/styles/index.css
7:49:53 PM [vite] (client) hmr update /src/pages/approval/ApprovalListPage.tsx, /src/styles/index.css
7:52:58 PM [vite] (client) hmr update /src/pages/equipment/EquipmentPage.tsx, /src/styles/index.css
7:53:06 PM [vite] (client) hmr update /src/pages/depreciation/DepreciationListPage.tsx, /src/styles/index.css
7:53:15 PM [vite] (client) hmr update /src/pages/depreciation/DepreciationListPage.tsx, /src/styles/index.css
7:53:19 PM [vite] (client) hmr update /src/pages/equipment/EquipmentPage.tsx, /src/styles/index.css
7:53:20 PM [vite] (client) hmr update /src/pages/depreciation/DepreciationListPage.tsx, /src/styles/index.css
7:56:43 PM [vite] (client) hmr update /src/pages/analytics/AnalyticsPage.tsx, /src/styles/index.css
7:57:27 PM [vite] (client) hmr update /src/pages/contracts/ContractPage.tsx, /src/styles/index.css
7:57:43 PM [vite] (client) hmr update /src/pages/reports/ReportsPage.tsx, /src/styles/index.css
7:58:01 PM [vite] (client) hmr update /src/styles/index.css, /src/router/index.tsx
7:58:01 PM [vite] (client) hmr invalidate /src/router/index.tsx Could not Fast Refresh ("default" export is incompatible). Learn more at https://github.com/vitejs/vite-plugin-react/tree/main/packages/plugin-react#consistent-components-exports
7:58:01 PM [vite] (client) page reload src/router/index.tsx
7:58:01 PM [vite] (client) hmr update /src/pages/system/UserManagement.tsx, /src/styles/index.css
7:58:37 PM [vite] (client) hmr update /src/pages/licenses/SoftwareLicensePage.tsx, /src/styles/index.css
7:59:03 PM [vite] (client) hmr update /src/pages/audit/AuditDashboardPage.tsx, /src/styles/index.css
7:59:26 PM [vite] (client) hmr update /src/pages/system/RoleManagement.tsx, /src/styles/index.css
7:59:29 PM [vite] (client) hmr update /src/styles/index.css, /src/router/index.tsx
7:59:29 PM [vite] (client) hmr invalidate /src/router/index.tsx Could not Fast Refresh ("default" export is incompatible). Learn more at https://github.com/vitejs/vite-plugin-react/tree/main/packages/plugin-react#consistent-components-exports
7:59:29 PM [vite] (client) page reload src/router/index.tsx
7:59:39 PM [vite] (client) hmr update /src/styles/index.css, /src/router/index.tsx
7:59:39 PM [vite] (client) hmr invalidate /src/router/index.tsx Could not Fast Refresh ("default" export is incompatible). Learn more at https://github.com/vitejs/vite-plugin-react/tree/main/packages/plugin-react#consistent-components-exports
7:59:39 PM [vite] (client) page reload src/router/index.tsx
7:59:41 PM [vite] (client) hmr update /src/pages/category/CategoryManagerPage.tsx, /src/styles/index.css
7:59:45 PM [vite] (client) hmr update /src/styles/index.css, /src/router/index.tsx
7:59:45 PM [vite] (client) hmr invalidate /src/router/index.tsx Could not Fast Refresh ("default" export is incompatible). Learn more at https://github.com/vitejs/vite-plugin-react/tree/main/packages/plugin-react#consistent-components-exports
7:59:45 PM [vite] (client) page reload src/router/index.tsx
7:59:50 PM [vite] (client) hmr update /src/styles/index.css, /src/router/index.tsx
7:59:50 PM [vite] (client) hmr invalidate /src/router/index.tsx Could not Fast Refresh ("default" export is incompatible). Learn more at https://github.com/vitejs/vite-plugin-react/tree/main/packages/plugin-react#consistent-components-exports
7:59:50 PM [vite] (client) page reload src/router/index.tsx
7:59:56 PM [vite] (client) hmr update /src/styles/index.css, /src/router/index.tsx
7:59:56 PM [vite] (client) hmr invalidate /src/router/index.tsx Could not Fast Refresh ("default" export is incompatible). Learn more at https://github.com/vitejs/vite-plugin-react/tree/main/packages/plugin-react#consistent-components-exports
7:59:56 PM [vite] (client) page reload src/router/index.tsx
8:00:04 PM [vite] (client) hmr update /src/styles/index.css, /src/router/index.tsx
8:00:04 PM [vite] (client) hmr invalidate /src/router/index.tsx Could not Fast Refresh ("default" export is incompatible). Learn more at https://github.com/vitejs/vite-plugin-react/tree/main/packages/plugin-react#consistent-components-exports
8:00:04 PM [vite] (client) page reload src/router/index.tsx
8:00:16 PM [vite] (client) hmr update /src/pages/energy/EnergyDashboardPage.tsx, /src/styles/index.css
8:00:30 PM [vite] (client) hmr update /src/pages/system/MenuManagement.tsx, /src/styles/index.css
8:00:30 PM [vite] (client) hmr update /src/pages/manufacturers/ManufacturerPage.tsx, /src/styles/index.css
8:01:55 PM [vite] (client) hmr update /src/pages/vendors/VendorsPage.tsx, /src/styles/index.css
8:02:06 PM [vite] (client) hmr update /src/pages/system/DeptManagement.tsx, /src/styles/index.css
8:02:48 PM [vite] (client) hmr update /src/pages/locations/LocationsPage.tsx, /src/styles/index.css
8:02:54 PM [vite] (client) hmr update /src/pages/system/PostManagement.tsx, /src/styles/index.css
8:05:39 PM [vite] (client) hmr update /src/pages/workflow/WorkflowCenterPage.tsx, /src/styles/index.css
8:06:04 PM [vite] (client) hmr update /src/pages/settings/SettingsPage.tsx, /src/styles/index.css
8:06:52 PM [vite] (client) hmr update /src/pages/gis/GisMapPage.tsx, /src/styles/index.css
8:06:58 PM [vite] (client) hmr update /src/pages/purchase-order/PurchaseOrderPage.tsx, /src/styles/index.css
8:07:18 PM [vite] (client) hmr update /src/pages/floorplan/FloorPlanPage.tsx, /src/styles/index.css
8:07:22 PM [vite] (client) hmr update /src/pages/floorplan/FloorPlanPage.tsx, /src/styles/index.css
8:09:04 PM [vite] (client) hmr update /src/pages/maintenance/MaintenancePlanPage.tsx, /src/styles/index.css
8:11:39 PM [vite] (client) hmr update /src/pages/sam/SamDashboardPage.tsx, /src/styles/index.css
8:11:50 PM [vite] (client) hmr update /src/pages/sam/SamDashboardPage.tsx, /src/styles/index.css
9:07:47 PM [vite] vite.config.ts changed, restarting server...
9:07:47 PM [vite] (client) page reload src/vite-env.d.ts
9:07:47 PM [vite] (client) hmr update /src/styles/index.css, /src/pages/auth/LoginPage.tsx, /src/layouts/AppLayout.tsx, /src/components/GlobalSearch.tsx, /src/pages/dashboard/DashboardPage.tsx, /src/pages/disposal/DisposalListPage.tsx, /src/pages/analytics/AnalyticsPage.tsx, /src/pages/asset/AssetListPage.tsx, /src/pages/equipment/EquipmentPage.tsx, /src/pages/category/CategoryManagerPage.tsx, /src/pages/reports/ReportsPage.tsx, /src/pages/approval/ApprovalListPage.tsx, /src/pages/system/UserManagement.tsx, /src/pages/system/RoleManagement.tsx, /src/pages/locations/LocationsPage.tsx, /src/pages/system/DeptManagement.tsx, /src/components/ui/UserSearchSelect.tsx, /src/pages/inventory/InventoryDetailPage.tsx, /src/pages/asset-models/AssetModelPage.tsx, /src/pages/maintenance/MaintenancePage.tsx, /src/pages/idle/IdleAssetsPage.tsx, /src/pages/depreciation/DepreciationListPage.tsx, /src/pages/inventory/InventoryTasksPage.tsx, /src/pages/inventory/SmartReportPage.tsx, /src/pages/inventory/RFIDScanPage.tsx, /src/pages/maintenance/MaintenancePlanPage.tsx, /src/pages/workflow/WorkflowCenterPage.tsx, /src/pages/settings/NumberingRulesTab.tsx, /src/pages/purchase-order/PurchaseOrderPage.tsx, /src/pages/vendors/VendorsPage.tsx, /src/pages/contracts/ContractPage.tsx, /src/pages/gis/GisMapPage.tsx, /src/components/shared/LocationCascader.tsx, /src/pages/floorplan/FloorPlanPage.tsx, /src/pages/floorplan/components/FloorPlanCreateDialog.tsx, /src/pages/floorplan/components/FloorPlanCanvas.tsx, /src/pages/audit/AuditDashboardPage.tsx, /src/pages/manufacturers/ManufacturerPage.tsx, /src/pages/energy/EnergyDashboardPage.tsx, /src/pages/licenses/SoftwareLicensePage.tsx, /src/pages/sam/SamDashboardPage.tsx, /src/pages/system/PostManagement.tsx, /src/pages/system/MenuManagement.tsx, /src/pages/system/custom-fields/index.tsx, /src/pages/settings/SlaConfigTab.tsx, /src/pages/settings/WebhookConfigTab.tsx, /src/pages/settings/SysConfigTab.tsx, /src/pages/settings/NotificationTemplateTab.tsx, /src/pages/settings/NotificationPreferenceTab.tsx, /src/pages/settings/NotificationBizSwitchTab.tsx, /src/pages/settings/MailTemplateTab.tsx, /src/pages/settings/MailLogTab.tsx, /src/pages/settings/NotificationChannelTab.tsx
9:07:47 PM [vite] (client) page reload src/types/retirement.types.ts
9:07:47 PM [vite] (client) page reload src/types/workorder.types.ts
9:07:47 PM [vite] (client) page reload src/types/inventory.types.ts
9:07:47 PM [vite] (client) page reload src/types/common.ts
9:07:47 PM [vite] (client) page reload src/types/dashboard.types.ts
9:07:47 PM [vite] (client) page reload src/types/audit.types.ts
9:07:47 PM [vite] (client) page reload src/types/asset.types.ts
9:07:47 PM [vite] (client) hmr update /src/styles/index.css, /src/pages/asset/AssetListPage.tsx, /src/pages/equipment/EquipmentPage.tsx
9:07:47 PM [vite] (client) page reload src/types/approval.ts
9:07:47 PM [vite] (client) hmr update /src/styles/index.css
9:07:47 PM [vite] (client) page reload src/services/depreciationService.ts
9:07:47 PM [vite] (client) hmr update /src/styles/index.css
9:07:47 PM [vite] (client) page reload src/services/dashboardService.ts
9:07:47 PM [vite] (client) page reload src/services/auditService.ts
9:07:47 PM [vite] (client) page reload src/services/assetService.ts
9:07:47 PM [vite] (client) page reload src/services/approvalService.ts
9:07:47 PM [vite] (client) hmr update /src/router/index.tsx, /src/styles/index.css
9:07:47 PM [vite] (client) page reload src/services/approvalService.test.ts
9:07:47 PM [vite] (client) page reload src/pages/workorder/WorkOrderListPage.tsx
9:07:47 PM [vite] (client) hmr update /src/pages/workflow/WorkflowCenterPage.tsx, /src/styles/index.css
9:07:47 PM [vite] (client) hmr update /src/pages/vendors/VendorsPage.tsx, /src/styles/index.css
9:07:47 PM [vite] (client) hmr update /src/pages/system/UserManagement.tsx, /src/styles/index.css
9:07:47 PM [vite] (client) hmr update /src/pages/system/RoleManagement.tsx, /src/styles/index.css
9:07:47 PM [vite] (client) hmr update /src/pages/system/PostManagement.tsx, /src/styles/index.css
9:07:47 PM [vite] (client) hmr update /src/pages/system/MenuManagement.tsx, /src/styles/index.css
9:07:47 PM [vite] (client) hmr update /src/pages/system/DeptManagement.tsx, /src/styles/index.css
9:07:47 PM [vite] (client) hmr update /src/pages/settings/SettingsPage.tsx, /src/styles/index.css
9:07:47 PM [vite] (client) page reload src/pages/reports/components/ReportCard.tsx
9:07:47 PM [vite] (client) hmr update /src/pages/reports/components/ChartPreview.tsx, /src/styles/index.css
9:07:47 PM [vite] (client) hmr update /src/pages/reports/ReportsPage.tsx, /src/styles/index.css
9:07:47 PM [vite] (client) page reload src/pages/report/components/ReportCard.tsx
9:07:47 PM [vite] (client) page reload src/pages/report/ReportPage.tsx
9:07:47 PM [vite] (client) page reload src/pages/report/ReportCenterPage.tsx
9:07:47 PM [vite] (client) hmr update /src/pages/maintenance/MaintenancePage.tsx, /src/styles/index.css
9:07:47 PM [vite] (client) hmr update /src/pages/locations/LocationsPage.tsx, /src/styles/index.css
9:07:47 PM [vite] (client) hmr update /src/pages/inventory/SmartReportPage.tsx, /src/styles/index.css
9:07:47 PM [vite] (client) hmr update /src/pages/inventory/RFIDScanPage.tsx, /src/styles/index.css
9:07:47 PM [vite] (client) hmr update /src/pages/inventory/InventoryTasksPage.tsx, /src/styles/index.css
9:07:47 PM [vite] (client) hmr update /src/pages/inventory/InventoryDetailPage.tsx, /src/styles/index.css
9:07:47 PM [vite] (client) hmr update /src/pages/idle/IdleAssetsPage.tsx, /src/styles/index.css
9:07:47 PM [vite] (client) hmr update /src/pages/equipment/EquipmentPage.tsx, /src/styles/index.css
9:07:47 PM [vite] (client) hmr update /src/pages/disposal/DisposalListPage.tsx, /src/styles/index.css
9:07:47 PM [vite] (client) hmr update /src/pages/depreciation/DepreciationListPage.tsx, /src/styles/index.css
9:07:47 PM [vite] (client) hmr update /src/pages/dashboard/DashboardPage.tsx, /src/styles/index.css
9:07:47 PM [vite] (client) hmr update /src/pages/category/CategoryManagerPage.tsx, /src/styles/index.css
9:07:47 PM [vite] (client) page reload src/pages/bigscreen/BigScreen3DCanvas.tsx
9:07:47 PM [vite] (client) hmr update /src/pages/auth/LoginPage.tsx, /src/styles/index.css
9:07:47 PM [vite] (client) hmr update /src/pages/audit/AuditDashboardPage.tsx, /src/styles/index.css
9:07:47 PM [vite] (client) hmr update /src/pages/asset/AssetListPage.tsx, /src/styles/index.css
9:07:47 PM [vite] (client) hmr update /src/pages/approval/ApprovalListPage.tsx, /src/styles/index.css
9:07:47 PM [vite] (client) hmr update /src/pages/analytics/AnalyticsPage.tsx, /src/styles/index.css
9:07:47 PM [vite] (client) page reload src/pages/AssetImportExport/PreviewTable.tsx
9:07:47 PM [vite] (client) page reload src/pages/AssetImportExport/ImportTab.tsx
9:07:47 PM [vite] (client) page reload src/pages/AssetImportExport/ExportTab.tsx
9:07:47 PM [vite] (client) page reload src/pages/AssetImportExport/ExportFilterForm.tsx
9:07:47 PM [vite] (client) page reload src/pages/AssetImportExport/DragUploadArea.tsx
9:07:47 PM [vite] (client) page reload src/mocks/workOrderHandlers.ts
9:07:47 PM [vite] (client) page reload src/hooks/useInventory.ts
9:07:47 PM [vite] (client) hmr update /src/layouts/AppLayout.tsx, /src/styles/index.css
9:07:47 PM [vite] (client) page reload src/hooks/useDepreciation.ts
9:07:47 PM [vite] (client) page reload src/hooks/useAuditableFields.ts
9:07:47 PM [vite] (client) page reload src/hooks/useAuditLog.ts
9:07:47 PM [vite] (client) page reload src/hooks/useAssetById.ts
9:07:47 PM [vite] (client) page reload src/e2e/real-backend-smoke.spec.ts
9:07:47 PM [vite] (client) page reload src/e2e/browser-regression-smoke.spec.ts
9:07:47 PM [vite] (client) hmr update /src/components/ui/PageHeader.tsx, /src/styles/index.css
9:07:47 PM [vite] (client) hmr update /src/styles/index.css, /src/pages/contracts/ContractPage.tsx, /src/pages/gis/GisMapPage.tsx, /src/pages/floorplan/FloorPlanPage.tsx, /src/pages/floorplan/components/FloorPlanCreateDialog.tsx, /src/pages/energy/EnergyDashboardPage.tsx, /src/pages/sam/SamDashboardPage.tsx
9:07:47 PM [vite] (client) hmr update /src/components/ui/KpiCard.tsx, /src/styles/index.css
9:07:47 PM [vite] (client) hmr update /src/components/ui/EmptyState.tsx, /src/styles/index.css
9:07:47 PM [vite] (client) hmr update /src/components/ui/Input.tsx, /src/styles/index.css
9:07:47 PM [vite] (client) hmr update /src/components/ui/DataTable.tsx, /src/styles/index.css
9:07:47 PM [vite] (client) hmr update /src/components/ui/Card.tsx, /src/styles/index.css
9:07:47 PM [vite] (client) hmr update /src/components/ui/Button.tsx, /src/styles/index.css
9:07:47 PM [vite] (client) page reload src/components/retirement/AssetSelector.tsx
9:07:47 PM [vite] (client) page reload src/components/inventory/TaskDetailPage.tsx
9:07:47 PM [vite] (client) page reload src/components/inventory/ScopeSelector.tsx
9:07:47 PM [vite] (client) page reload src/components/inventory/DifferenceSummaryPanel.tsx
9:07:47 PM [vite] (client) page reload src/components/inventory/CreateTaskModal.tsx
9:07:47 PM [vite] (client) page reload src/components/inventory/AssetTable.tsx
9:07:47 PM [vite] (client) page reload src/components/flow/NodePanel.tsx
9:07:47 PM [vite] (client) page reload src/components/flow/FlowCanvas.tsx
9:07:47 PM [vite] (client) page reload src/components/depreciation/DepreciationCard.tsx
9:07:47 PM [vite] (client) page reload src/components/audit/GraphifyKnowledgeGraph.tsx
9:07:47 PM [vite] (client) page reload src/components/WorkOrderList/index.tsx
9:07:47 PM [vite] (client) page reload src/components/ImportPanel/ImportResult.tsx
9:07:47 PM [vite] (client) page reload src/components/ImportPanel/FileUploader.tsx
9:07:47 PM [vite] (client) hmr update /src/components/GlobalSearch.tsx, /src/styles/index.css
9:07:47 PM [vite] (client) page reload src/components/ExportPanel/FormatSelector.tsx
9:07:47 PM [vite] (client) page reload src/app/types/audit.types.ts
9:07:47 PM [vite] (client) page reload src/app/services/workOrderService.ts
9:07:47 PM [vite] (client) page reload src/app/routes/AppRoutes.tsx
9:07:47 PM [vite] (client) page reload src/app/pages/workorder/WorkOrderListPage.tsx
9:07:47 PM [vite] (client) page reload src/app/pages/workorder/WorkOrderDetailPage.tsx
9:07:47 PM [vite] (client) page reload src/app/pages/workorder/WorkOrderCreatePage.tsx
9:07:47 PM [vite] (client) page reload src/app/layout/Sidebar.tsx
9:07:47 PM [vite] (client) page reload src/app/pages/assets/AssetFormPage.tsx
9:07:47 PM [vite] (client) hmr update /src/styles/index.css, /src/pages/dashboard/DashboardPage.tsx, /src/pages/disposal/DisposalListPage.tsx
9:07:47 PM [vite] (client) hmr update /src/styles/index.css, /src/pages/purchase-order/PurchaseOrderPage.tsx, /src/pages/vendors/VendorsPage.tsx
9:07:47 PM [vite] (client) page reload src/app/components/ui/chart.tsx
9:07:47 PM [vite] (client) hmr update /src/styles/index.css, /src/pages/system/UserManagement.tsx
9:07:47 PM [vite] (client) hmr update /src/styles/index.css, /src/pages/settings/SysConfigTab.tsx, /src/pages/settings/NumberingRulesTab.tsx
9:07:47 PM [vite] (client) hmr update /src/styles/index.css, /src/pages/analytics/AnalyticsPage.tsx
9:07:47 PM [vite] (client) page reload src/api/retirement.ts
9:07:47 PM [vite] (client) hmr update /src/styles/index.css, /src/pages/equipment/EquipmentPage.tsx, /src/pages/maintenance/MaintenancePage.tsx
9:07:47 PM [vite] (client) hmr update /src/styles/index.css, /src/pages/inventory/InventoryTasksPage.tsx, /src/pages/inventory/SmartReportPage.tsx, /src/pages/inventory/RFIDScanPage.tsx, /src/pages/inventory/InventoryDetailPage.tsx
9:07:47 PM [vite] (client) hmr update /src/styles/index.css, /src/pages/idle/IdleAssetsPage.tsx
9:07:47 PM [vite] (client) hmr update /src/styles/index.css, /src/pages/depreciation/DepreciationListPage.tsx
9:07:47 PM [vite] (client) hmr update /src/styles/index.css, /src/pages/asset/AssetListPage.tsx, /src/pages/approval/ApprovalListPage.tsx, /src/pages/system/UserManagement.tsx, /src/pages/system/RoleManagement.tsx, /src/pages/locations/LocationsPage.tsx, /src/pages/system/DeptManagement.tsx, /src/components/ui/UserSearchSelect.tsx, /src/pages/inventory/InventoryDetailPage.tsx
9:07:47 PM [vite] (client) hmr update /src/styles/index.css, /src/pages/audit/AuditDashboardPage.tsx
9:07:47 PM [vite] (client) hmr update /src/styles/index.css, /src/pages/dashboard/DashboardPage.tsx, /src/pages/analytics/AnalyticsPage.tsx, /src/pages/asset/AssetListPage.tsx, /src/pages/equipment/EquipmentPage.tsx, /src/pages/category/CategoryManagerPage.tsx
9:07:47 PM [vite] (client) page reload src/__tests__/ReportsPage.test.tsx
9:07:47 PM [vite] (client) page reload src/__tests__/DashboardPage.test.tsx
9:07:47 PM [vite] (client) page reload src/__tests__/ApprovalListPage.test.tsx
9:07:47 PM [vite] (client) hmr update /src/layouts/AppLayout.tsx, /src/styles/index.css
9:07:47 PM [vite] (client) page reload src/hooks/useInventory.ts
9:07:47 PM [vite] (client) page reload src/hooks/useDepreciation.ts
9:07:47 PM [vite] (client) page reload src/hooks/useAuditableFields.ts
9:07:47 PM [vite] (client) page reload src/hooks/useAuditLog.ts
9:07:47 PM [vite] (client) page reload src/hooks/useAssetById.ts
9:07:47 PM [vite] (client) page reload src/e2e/real-backend-smoke.spec.ts
9:07:47 PM [vite] (client) page reload src/e2e/browser-regression-smoke.spec.ts
9:07:47 PM [vite] (client) hmr update /src/styles/index.css, /src/pages/contracts/ContractPage.tsx, /src/pages/gis/GisMapPage.tsx, /src/pages/floorplan/FloorPlanPage.tsx, /src/pages/floorplan/components/FloorPlanCreateDialog.tsx, /src/pages/energy/EnergyDashboardPage.tsx, /src/pages/sam/SamDashboardPage.tsx
9:07:47 PM [vite] (client) hmr update /src/components/ui/PageHeader.tsx, /src/styles/index.css
9:07:47 PM [vite] (client) hmr update /src/components/ui/KpiCard.tsx, /src/styles/index.css
9:07:47 PM [vite] (client) hmr update /src/components/ui/Input.tsx, /src/styles/index.css
9:07:47 PM [vite] (client) hmr update /src/components/ui/EmptyState.tsx, /src/styles/index.css
9:07:47 PM [vite] (client) hmr update /src/components/ui/DataTable.tsx, /src/styles/index.css
9:07:47 PM [vite] (client) hmr update /src/components/ui/Card.tsx, /src/styles/index.css
9:07:47 PM [vite] (client) hmr update /src/components/ui/Button.tsx, /src/styles/index.css
9:07:47 PM [vite] (client) page reload src/components/retirement/AssetSelector.tsx
9:07:47 PM [vite] (client) page reload src/components/inventory/TaskDetailPage.tsx
9:07:47 PM [vite] (client) page reload src/components/inventory/ScopeSelector.tsx
9:07:47 PM [vite] (client) page reload src/components/inventory/DifferenceSummaryPanel.tsx
9:07:47 PM [vite] (client) page reload src/components/inventory/CreateTaskModal.tsx
9:07:47 PM [vite] (client) page reload src/components/inventory/AssetTable.tsx
9:07:47 PM [vite] (client) page reload src/components/flow/NodePanel.tsx
9:07:47 PM [vite] (client) page reload src/components/flow/FlowCanvas.tsx
9:07:47 PM [vite] (client) page reload src/components/depreciation/DepreciationCard.tsx
9:07:47 PM [vite] (client) page reload src/components/audit/GraphifyKnowledgeGraph.tsx
9:07:47 PM [vite] (client) page reload src/components/WorkOrderList/index.tsx
9:07:47 PM [vite] (client) page reload src/components/ImportPanel/ImportResult.tsx
9:07:47 PM [vite] (client) page reload src/components/ImportPanel/FileUploader.tsx
9:07:47 PM [vite] (client) hmr update /src/components/GlobalSearch.tsx, /src/styles/index.css
9:07:47 PM [vite] (client) page reload src/components/ExportPanel/FormatSelector.tsx
9:07:47 PM [vite] (client) page reload src/app/types/audit.types.ts
9:07:47 PM [vite] (client) page reload src/app/services/workOrderService.ts
9:07:47 PM [vite] (client) page reload src/app/routes/AppRoutes.tsx
9:07:47 PM [vite] (client) page reload src/app/routes.ts
9:07:47 PM [vite] (client) page reload src/app/router/AppRouter.tsx
9:07:47 PM [vite] (client) page reload src/app/router.tsx
9:07:47 PM [vite] (client) page reload src/app/pages/workorder/WorkOrderListPage.tsx
9:07:47 PM [vite] (client) page reload src/app/pages/workorder/WorkOrderDetailPage.tsx
9:07:47 PM [vite] (client) page reload src/app/pages/workorder/WorkOrderCreatePage.tsx
9:07:47 PM [vite] (client) page reload src/app/pages/assets/AssetFormPage.tsx
9:07:47 PM [vite] (client) page reload src/app/layouts/SidebarLayout.tsx
9:07:47 PM [vite] (client) page reload src/app/layout/Sidebar.tsx
9:07:47 PM [vite] (client) page reload src/app/components/ui/chart.tsx
9:07:47 PM [vite] (client) page reload src/app/App.tsx
9:07:47 PM [vite] (client) hmr update /src/styles/index.css, /src/pages/dashboard/DashboardPage.tsx, /src/pages/disposal/DisposalListPage.tsx
9:07:47 PM [vite] (client) hmr update /src/styles/index.css, /src/pages/purchase-order/PurchaseOrderPage.tsx, /src/pages/vendors/VendorsPage.tsx
9:07:47 PM [vite] (client) hmr update /src/styles/index.css, /src/pages/system/UserManagement.tsx
9:07:47 PM [vite] (client) hmr update /src/styles/index.css, /src/pages/settings/SysConfigTab.tsx, /src/pages/settings/NumberingRulesTab.tsx
9:07:47 PM [vite] (client) hmr update /src/styles/index.css, /src/pages/analytics/AnalyticsPage.tsx
9:07:47 PM [vite] (client) page reload src/api/retirement.ts
9:07:47 PM [vite] (client) hmr update /src/styles/index.css, /src/pages/equipment/EquipmentPage.tsx, /src/pages/maintenance/MaintenancePage.tsx
9:07:47 PM [vite] (client) hmr update /src/styles/index.css, /src/pages/inventory/InventoryTasksPage.tsx, /src/pages/inventory/SmartReportPage.tsx, /src/pages/inventory/RFIDScanPage.tsx, /src/pages/inventory/InventoryDetailPage.tsx
9:07:47 PM [vite] (client) hmr update /src/styles/index.css, /src/pages/idle/IdleAssetsPage.tsx
9:07:47 PM [vite] (client) hmr update /src/styles/index.css, /src/pages/depreciation/DepreciationListPage.tsx
9:07:47 PM [vite] (client) hmr update /src/styles/index.css, /src/pages/asset/AssetListPage.tsx, /src/pages/approval/ApprovalListPage.tsx, /src/pages/system/UserManagement.tsx, /src/pages/system/RoleManagement.tsx, /src/pages/locations/LocationsPage.tsx, /src/pages/system/DeptManagement.tsx, /src/components/ui/UserSearchSelect.tsx, /src/pages/inventory/InventoryDetailPage.tsx
9:07:47 PM [vite] (client) hmr update /src/styles/index.css, /src/pages/audit/AuditDashboardPage.tsx
9:07:47 PM [vite] (client) hmr update /src/styles/index.css, /src/pages/dashboard/DashboardPage.tsx, /src/pages/analytics/AnalyticsPage.tsx, /src/pages/asset/AssetListPage.tsx, /src/pages/equipment/EquipmentPage.tsx, /src/pages/category/CategoryManagerPage.tsx
9:07:47 PM [vite] (client) page reload src/__tests__/ReportsPage.test.tsx
9:07:47 PM [vite] (client) page reload src/__tests__/DashboardPage.test.tsx
9:07:47 PM [vite] (client) page reload src/__tests__/ApprovalListPage.test.tsx
✘ [ERROR] Failed to resolve "@tailwindcss/vite". This package is ESM only but it was tried to load by `require`. See https://vite.dev/guide/troubleshooting.html#this-package-is-esm-only for more details. [plugin externalize-deps]

    node_modules/esbuild/lib/main.js:1217:27:
      1217 │         let result = await callback({
           ╵                            ^

    at file:///Users/feigao/project/Project/forthAMS/frontend/node_modules/vite/dist/node/chunks/dep-Dq2t6Dq0.js:49416:27
    at requestCallbacks.on-resolve (/Users/feigao/project/Project/forthAMS/frontend/node_modules/esbuild/lib/main.js:1217:28)
    at handleRequest (/Users/feigao/project/Project/forthAMS/frontend/node_modules/esbuild/lib/main.js:628:17)
    at handleIncomingPacket (/Users/feigao/project/Project/forthAMS/frontend/node_modules/esbuild/lib/main.js:653:7)
    at Socket.readFromStdout (/Users/feigao/project/Project/forthAMS/frontend/node_modules/esbuild/lib/main.js:581:7)
    at Socket.emit (node:events:519:28)
    at addChunk (node:internal/streams/readable:561:12)
    at readableAddChunkPushByteMode (node:internal/streams/readable:512:3)
    at Readable.push (node:internal/streams/readable:392:5)
    at Pipe.onStreamRead (node:internal/stream_base_commons:189:23)

  This error came from the "onResolve" callback registered here:

    node_modules/esbuild/lib/main.js:1141:20:
      1141 │       let promise = setup({
           ╵                     ^

    at setup (file:///Users/feigao/project/Project/forthAMS/frontend/node_modules/vite/dist/node/chunks/dep-Dq2t6Dq0.js:49391:18)
    at handlePlugins (/Users/feigao/project/Project/forthAMS/frontend/node_modules/esbuild/lib/main.js:1141:21)
    at buildOrContextImpl (/Users/feigao/project/Project/forthAMS/frontend/node_modules/esbuild/lib/main.js:854:5)
    at Object.buildOrContext (/Users/feigao/project/Project/forthAMS/frontend/node_modules/esbuild/lib/main.js:680:5)
    at /Users/feigao/project/Project/forthAMS/frontend/node_modules/esbuild/lib/main.js:2026:15
    at new Promise (<anonymous>)
    at Object.build (/Users/feigao/project/Project/forthAMS/frontend/node_modules/esbuild/lib/main.js:2025:25)
    at build (/Users/feigao/project/Project/forthAMS/frontend/node_modules/esbuild/lib/main.js:1876:51)
    at bundleConfigFile (file:///Users/feigao/project/Project/forthAMS/frontend/node_modules/vite/dist/node/chunks/dep-Dq2t6Dq0.js:49343:24)
    at async bundleAndLoadConfigFile (file:///Users/feigao/project/Project/forthAMS/frontend/node_modules/vite/dist/node/chunks/dep-Dq2t6Dq0.js:49327:19)
    at async loadConfigFromFile (file:///Users/feigao/project/Project/forthAMS/frontend/node_modules/vite/dist/node/chunks/dep-Dq2t6Dq0.js:49291:44)
    at async resolveConfig (file:///Users/feigao/project/Project/forthAMS/frontend/node_modules/vite/dist/node/chunks/dep-Dq2t6Dq0.js:48786:24)
    at async _createServer (file:///Users/feigao/project/Project/forthAMS/frontend/node_modules/vite/dist/node/chunks/dep-Dq2t6Dq0.js:38373:66)
    at async restartServer (file:///Users/feigao/project/Project/forthAMS/frontend/node_modules/vite/dist/node/chunks/dep-Dq2t6Dq0.js:38936:19)
    at async restartServerWithUrls (file:///Users/feigao/project/Project/forthAMS/frontend/node_modules/vite/dist/node/chunks/dep-Dq2t6Dq0.js:38980:3)
    at async handleHMRUpdate (file:///Users/feigao/project/Project/forthAMS/frontend/node_modules/vite/dist/node/chunks/dep-Dq2t6Dq0.js:39182:7)
    at async onHMRUpdate (file:///Users/feigao/project/Project/forthAMS/frontend/node_modules/vite/dist/node/chunks/dep-Dq2t6Dq0.js:38658:7)
    at async FSWatcher.<anonymous> (file:///Users/feigao/project/Project/forthAMS/frontend/node_modules/vite/dist/node/chunks/dep-Dq2t6Dq0.js:38695:5)

  The plugin "externalize-deps" was triggered by this import

    vite.config.ts:3:24:
      3 │ import tailwindcss from '@tailwindcss/vite'
        ╵                         ~~~~~~~~~~~~~~~~~~~

failed to load config from /Users/feigao/project/Project/forthAMS/frontend/vite.config.ts
9:07:47 PM [vite] Build failed with 1 error:
node_modules/esbuild/lib/main.js:1217:27: ERROR: [plugin: externalize-deps] Failed to resolve "@tailwindcss/vite". This package is ESM only but it was tried to load by `require`. See https://vite.dev/guide/troubleshooting.html#this-package-is-esm-only for more details.
9:07:47 PM [vite] server restart failed
9:07:47 PM [vite] (client) hmr invalidate /src/router/index.tsx Could not Fast Refresh ("default" export is incompatible). Learn more at https://github.com/vitejs/vite-plugin-react/tree/main/packages/plugin-react#consistent-components-exports
9:07:47 PM [vite] (client) page reload src/router/index.tsx
9:07:47 PM [vite] (client) hmr invalidate /src/components/ui/Button.tsx Could not Fast Refresh ("buttonVariants" export is incompatible). Learn more at https://github.com/vitejs/vite-plugin-react/tree/main/packages/plugin-react#consistent-components-exports
9:07:47 PM [vite] (client) hmr update /src/styles/index.css, /src/pages/auth/LoginPage.tsx, /src/pages/dashboard/DashboardPage.tsx, /src/components/ui/EmptyState.tsx, /src/pages/asset/AssetListPage.tsx, /src/pages/equipment/EquipmentPage.tsx, /src/pages/idle/IdleAssetsPage.tsx, /src/pages/depreciation/DepreciationListPage.tsx, /src/pages/inventory/InventoryTasksPage.tsx, /src/pages/maintenance/MaintenancePage.tsx, /src/pages/maintenance/MaintenancePlanPage.tsx, /src/pages/approval/ApprovalListPage.tsx, /src/pages/workflow/WorkflowCenterPage.tsx, /src/pages/purchase-order/PurchaseOrderPage.tsx, /src/pages/contracts/ContractPage.tsx, /src/pages/gis/GisMapPage.tsx, /src/pages/floorplan/FloorPlanPage.tsx, /src/pages/floorplan/components/FloorPlanCreateDialog.tsx, /src/pages/energy/EnergyDashboardPage.tsx, /src/pages/sam/SamDashboardPage.tsx, /src/components/ui/FilterBar.tsx, /src/components/ui/ErrorState.tsx, /src/components/shared/TimeRangeSelector.tsx, /src/pages/reports/ReportsPage.tsx, /src/pages/audit/AuditDashboardPage.tsx, /src/pages/disposal/DisposalListPage.tsx, /src/pages/system/UserManagement.tsx, /src/pages/system/RoleManagement.tsx, /src/pages/system/MenuManagement.tsx, /src/pages/system/PostManagement.tsx, /src/pages/system/custom-fields/index.tsx, /src/pages/settings/SysConfigTab.tsx, /src/pages/settings/NumberingRulesTab.tsx, /src/pages/settings/NotificationTemplateTab.tsx, /src/pages/settings/NotificationPreferenceTab.tsx, /src/pages/settings/NotificationBizSwitchTab.tsx, /src/pages/settings/MailTemplateTab.tsx, /src/pages/settings/NotificationChannelTab.tsx, /src/pages/settings/MailLogTab.tsx, /src/pages/settings/SlaConfigTab.tsx, /src/pages/settings/WebhookConfigTab.tsx, /src/pages/category/CategoryManagerPage.tsx, /src/pages/locations/LocationsPage.tsx, /src/pages/vendors/VendorsPage.tsx, /src/pages/system/DeptManagement.tsx, /src/pages/inventory/RFIDScanPage.tsx, /src/pages/inventory/InventoryDetailPage.tsx
9:07:56 PM [vite] (client) page reload src/__tests__/ApprovalListPage.test.tsx
9:07:56 PM [vite] (client) page reload src/__tests__/DashboardPage.test.tsx
9:07:56 PM [vite] (client) page reload src/__tests__/ReportsPage.test.tsx
9:07:56 PM [vite] (client) hmr update /src/styles/index.css, /src/pages/dashboard/DashboardPage.tsx, /src/pages/analytics/AnalyticsPage.tsx, /src/pages/asset/AssetListPage.tsx, /src/pages/equipment/EquipmentPage.tsx, /src/pages/category/CategoryManagerPage.tsx
9:07:56 PM [vite] (client) hmr update /src/styles/index.css, /src/pages/audit/AuditDashboardPage.tsx
9:07:56 PM [vite] (client) hmr update /src/styles/index.css, /src/pages/asset/AssetListPage.tsx, /src/pages/approval/ApprovalListPage.tsx, /src/pages/system/UserManagement.tsx, /src/pages/system/RoleManagement.tsx, /src/pages/locations/LocationsPage.tsx, /src/pages/system/DeptManagement.tsx, /src/components/ui/UserSearchSelect.tsx, /src/pages/inventory/InventoryDetailPage.tsx
9:07:56 PM [vite] (client) hmr update /src/styles/index.css, /src/pages/depreciation/DepreciationListPage.tsx
9:07:56 PM [vite] (client) hmr update /src/styles/index.css, /src/pages/idle/IdleAssetsPage.tsx
9:07:56 PM [vite] (client) hmr update /src/styles/index.css, /src/pages/inventory/InventoryTasksPage.tsx, /src/pages/inventory/SmartReportPage.tsx, /src/pages/inventory/RFIDScanPage.tsx, /src/pages/inventory/InventoryDetailPage.tsx
9:07:56 PM [vite] (client) hmr update /src/styles/index.css, /src/pages/equipment/EquipmentPage.tsx, /src/pages/maintenance/MaintenancePage.tsx
9:07:56 PM [vite] (client) page reload src/api/retirement.ts
9:07:56 PM [vite] (client) hmr update /src/styles/index.css, /src/pages/analytics/AnalyticsPage.tsx
9:07:56 PM [vite] (client) hmr update /src/styles/index.css, /src/pages/settings/SysConfigTab.tsx, /src/pages/settings/NumberingRulesTab.tsx
9:07:56 PM [vite] (client) hmr update /src/styles/index.css, /src/pages/system/UserManagement.tsx
9:07:56 PM [vite] (client) hmr update /src/styles/index.css, /src/pages/purchase-order/PurchaseOrderPage.tsx, /src/pages/vendors/VendorsPage.tsx
9:07:56 PM [vite] (client) hmr update /src/styles/index.css, /src/pages/dashboard/DashboardPage.tsx, /src/pages/disposal/DisposalListPage.tsx
9:07:56 PM [vite] (client) page reload src/app/components/ui/chart.tsx
9:07:56 PM [vite] (client) page reload src/app/layout/Sidebar.tsx
9:07:56 PM [vite] (client) page reload src/app/pages/assets/AssetFormPage.tsx
9:07:56 PM [vite] (client) page reload src/app/pages/workorder/WorkOrderCreatePage.tsx
9:07:56 PM [vite] (client) page reload src/app/pages/workorder/WorkOrderDetailPage.tsx
9:07:56 PM [vite] (client) page reload src/app/pages/workorder/WorkOrderListPage.tsx
9:07:56 PM [vite] (client) page reload src/app/routes/AppRoutes.tsx
9:07:56 PM [vite] (client) page reload src/app/services/workOrderService.ts
9:07:56 PM [vite] (client) page reload src/app/types/audit.types.ts
9:07:56 PM [vite] (client) page reload src/components/ExportPanel/FormatSelector.tsx
9:07:56 PM [vite] (client) hmr update /src/components/GlobalSearch.tsx, /src/styles/index.css
9:07:56 PM [vite] (client) page reload src/components/ImportPanel/FileUploader.tsx
9:07:56 PM [vite] (client) page reload src/components/ImportPanel/ImportResult.tsx
9:07:56 PM [vite] (client) page reload src/components/WorkOrderList/index.tsx
9:07:56 PM [vite] (client) page reload src/components/audit/GraphifyKnowledgeGraph.tsx
9:07:56 PM [vite] (client) page reload src/components/depreciation/DepreciationCard.tsx
9:07:56 PM [vite] (client) page reload src/components/flow/FlowCanvas.tsx
9:07:56 PM [vite] (client) page reload src/components/flow/NodePanel.tsx
9:07:56 PM [vite] (client) page reload src/components/inventory/AssetTable.tsx
9:07:56 PM [vite] (client) page reload src/components/inventory/CreateTaskModal.tsx
9:07:56 PM [vite] (client) page reload src/components/inventory/DifferenceSummaryPanel.tsx
9:07:56 PM [vite] (client) page reload src/components/inventory/ScopeSelector.tsx
9:07:56 PM [vite] (client) page reload src/components/inventory/TaskDetailPage.tsx
9:07:56 PM [vite] (client) page reload src/app/App.tsx
9:07:56 PM [vite] (client) page reload src/app/layouts/SidebarLayout.tsx
9:07:56 PM [vite] (client) page reload src/app/router.tsx
9:07:56 PM [vite] (client) page reload src/app/router/AppRouter.tsx
9:07:56 PM [vite] (client) page reload src/app/routes.ts
9:07:56 PM [vite] (client) page reload src/mocks/assetDetail.mock.ts
9:07:56 PM [vite] (client) page reload src/mocks/handlers/asset.ts
9:07:56 PM [vite] (client) page reload src/mocks/handlers/dashboard.ts
9:07:56 PM [vite] (client) page reload src/components/retirement/AssetSelector.tsx
9:07:56 PM [vite] (client) hmr update /src/components/ui/Button.tsx, /src/styles/index.css
9:07:56 PM [vite] (client) hmr update /src/components/ui/Card.tsx, /src/styles/index.css
9:07:56 PM [vite] (client) hmr update /src/components/ui/DataTable.tsx, /src/styles/index.css
9:07:56 PM [vite] (client) hmr update /src/components/ui/EmptyState.tsx, /src/styles/index.css
9:07:57 PM [vite] (client) hmr update /src/components/ui/Input.tsx, /src/styles/index.css
9:07:57 PM [vite] (client) hmr update /src/components/ui/KpiCard.tsx, /src/styles/index.css
9:07:57 PM [vite] (client) hmr update /src/components/ui/PageHeader.tsx, /src/styles/index.css
9:07:57 PM [vite] (client) hmr update /src/styles/index.css, /src/pages/contracts/ContractPage.tsx, /src/pages/gis/GisMapPage.tsx, /src/pages/floorplan/FloorPlanPage.tsx, /src/pages/floorplan/components/FloorPlanCreateDialog.tsx, /src/pages/energy/EnergyDashboardPage.tsx, /src/pages/sam/SamDashboardPage.tsx
9:07:57 PM [vite] (client) page reload src/e2e/browser-regression-smoke.spec.ts
9:07:57 PM [vite] (client) page reload src/e2e/real-backend-smoke.spec.ts
9:07:57 PM [vite] (client) page reload src/hooks/useAssetById.ts
9:07:57 PM [vite] (client) page reload src/hooks/useAuditLog.ts
9:07:57 PM [vite] (client) page reload src/hooks/useAuditableFields.ts
9:07:57 PM [vite] (client) page reload src/hooks/useDepreciation.ts
9:07:57 PM [vite] (client) page reload src/hooks/useInventory.ts
9:07:57 PM [vite] (client) hmr update /src/layouts/AppLayout.tsx, /src/styles/index.css
9:07:57 PM [vite] (client) page reload src/mocks/workOrderHandlers.ts
9:07:57 PM [vite] (client) page reload src/pages/AssetImportExport/DragUploadArea.tsx
9:07:57 PM [vite] (client) page reload src/pages/AssetImportExport/ExportFilterForm.tsx
9:07:57 PM [vite] (client) page reload src/pages/AssetImportExport/ExportTab.tsx
9:07:57 PM [vite] (client) page reload src/pages/AssetImportExport/ImportTab.tsx
9:07:57 PM [vite] (client) page reload src/pages/AssetImportExport/PreviewTable.tsx
9:07:57 PM [vite] (client) hmr update /src/pages/analytics/AnalyticsPage.tsx, /src/styles/index.css
9:07:57 PM [vite] (client) hmr update /src/pages/approval/ApprovalListPage.tsx, /src/styles/index.css
9:07:57 PM [vite] (client) hmr update /src/pages/asset/AssetListPage.tsx, /src/styles/index.css
9:07:57 PM [vite] (client) hmr update /src/pages/audit/AuditDashboardPage.tsx, /src/styles/index.css
9:07:57 PM [vite] (client) hmr update /src/pages/auth/LoginPage.tsx, /src/styles/index.css
9:07:57 PM [vite] (client) page reload src/pages/bigscreen/BigScreen3DCanvas.tsx
9:07:57 PM [vite] (client) hmr update /src/pages/category/CategoryManagerPage.tsx, /src/styles/index.css
9:07:57 PM [vite] (client) hmr update /src/pages/dashboard/DashboardPage.tsx, /src/styles/index.css
9:07:57 PM [vite] (client) hmr update /src/pages/depreciation/DepreciationListPage.tsx, /src/styles/index.css
9:07:57 PM [vite] (client) hmr update /src/pages/disposal/DisposalListPage.tsx, /src/styles/index.css
9:07:57 PM [vite] (client) hmr update /src/pages/equipment/EquipmentPage.tsx, /src/styles/index.css
9:07:57 PM [vite] (client) hmr update /src/pages/idle/IdleAssetsPage.tsx, /src/styles/index.css
9:07:57 PM [vite] (client) hmr update /src/pages/inventory/InventoryDetailPage.tsx, /src/styles/index.css
9:07:57 PM [vite] (client) hmr update /src/pages/inventory/InventoryTasksPage.tsx, /src/styles/index.css
9:07:57 PM [vite] (client) hmr update /src/pages/inventory/RFIDScanPage.tsx, /src/styles/index.css
9:07:57 PM [vite] (client) hmr update /src/pages/inventory/SmartReportPage.tsx, /src/styles/index.css
9:07:57 PM [vite] (client) hmr update /src/pages/locations/LocationsPage.tsx, /src/styles/index.css
9:07:57 PM [vite] (client) hmr update /src/pages/maintenance/MaintenancePage.tsx, /src/styles/index.css
9:07:57 PM [vite] (client) page reload src/pages/report/ReportCenterPage.tsx
9:07:57 PM [vite] (client) page reload src/pages/report/ReportPage.tsx
9:07:57 PM [vite] (client) page reload src/pages/report/components/ReportCard.tsx
9:07:57 PM [vite] (client) hmr update /src/pages/reports/ReportsPage.tsx, /src/styles/index.css
9:07:57 PM [vite] (client) hmr update /src/pages/reports/components/ChartPreview.tsx, /src/styles/index.css
9:07:57 PM [vite] (client) page reload src/pages/reports/components/ReportCard.tsx
9:07:57 PM [vite] (client) hmr update /src/pages/settings/SettingsPage.tsx, /src/styles/index.css
9:07:57 PM [vite] (client) hmr update /src/pages/system/DeptManagement.tsx, /src/styles/index.css
9:07:57 PM [vite] (client) hmr update /src/pages/system/MenuManagement.tsx, /src/styles/index.css
9:07:57 PM [vite] (client) hmr update /src/pages/system/PostManagement.tsx, /src/styles/index.css
9:07:57 PM [vite] (client) hmr update /src/pages/system/RoleManagement.tsx, /src/styles/index.css
9:07:57 PM [vite] (client) hmr update /src/pages/system/UserManagement.tsx, /src/styles/index.css
9:07:57 PM [vite] (client) hmr update /src/pages/vendors/VendorsPage.tsx, /src/styles/index.css
9:07:57 PM [vite] (client) hmr update /src/pages/workflow/WorkflowCenterPage.tsx, /src/styles/index.css
9:07:57 PM [vite] (client) page reload src/pages/workorder/WorkOrderListPage.tsx
9:07:57 PM [vite] (client) hmr update /src/router/index.tsx, /src/styles/index.css
9:07:57 PM [vite] (client) page reload src/services/approvalService.test.ts
9:07:57 PM [vite] (client) page reload src/services/approvalService.ts
9:07:57 PM [vite] (client) page reload src/services/assetService.ts
9:07:57 PM [vite] (client) page reload src/services/auditService.ts
9:07:57 PM [vite] (client) page reload src/services/dashboardService.ts
9:07:57 PM [vite] (client) page reload src/services/depreciationService.ts
9:07:57 PM [vite] (client) hmr update /src/styles/index.css
9:07:57 PM [vite] (client) hmr update /src/styles/index.css
9:07:57 PM [vite] (client) page reload src/types/approval.ts
9:07:57 PM [vite] (client) hmr update /src/styles/index.css, /src/pages/asset/AssetListPage.tsx, /src/pages/equipment/EquipmentPage.tsx
9:07:57 PM [vite] (client) page reload src/types/asset.types.ts
9:07:57 PM [vite] (client) page reload src/types/audit.types.ts
9:07:57 PM [vite] (client) page reload src/types/common.ts
9:07:57 PM [vite] (client) page reload src/types/dashboard.types.ts
9:07:57 PM [vite] (client) page reload src/types/inventory.types.ts
9:07:57 PM [vite] (client) page reload src/types/retirement.types.ts
9:07:57 PM [vite] (client) page reload src/types/workorder.types.ts
9:07:57 PM [vite] (client) hmr update /src/styles/index.css, /src/pages/auth/LoginPage.tsx, /src/layouts/AppLayout.tsx, /src/components/GlobalSearch.tsx, /src/pages/dashboard/DashboardPage.tsx, /src/pages/disposal/DisposalListPage.tsx, /src/pages/analytics/AnalyticsPage.tsx, /src/pages/asset/AssetListPage.tsx, /src/pages/equipment/EquipmentPage.tsx, /src/pages/category/CategoryManagerPage.tsx, /src/pages/reports/ReportsPage.tsx, /src/pages/approval/ApprovalListPage.tsx, /src/pages/system/UserManagement.tsx, /src/pages/system/RoleManagement.tsx, /src/pages/locations/LocationsPage.tsx, /src/pages/system/DeptManagement.tsx, /src/components/ui/UserSearchSelect.tsx, /src/pages/inventory/InventoryDetailPage.tsx, /src/pages/asset-models/AssetModelPage.tsx, /src/pages/maintenance/MaintenancePage.tsx, /src/pages/idle/IdleAssetsPage.tsx, /src/pages/depreciation/DepreciationListPage.tsx, /src/pages/inventory/InventoryTasksPage.tsx, /src/pages/inventory/SmartReportPage.tsx, /src/pages/inventory/RFIDScanPage.tsx, /src/pages/maintenance/MaintenancePlanPage.tsx, /src/pages/workflow/WorkflowCenterPage.tsx, /src/pages/settings/NumberingRulesTab.tsx, /src/pages/purchase-order/PurchaseOrderPage.tsx, /src/pages/vendors/VendorsPage.tsx, /src/pages/contracts/ContractPage.tsx, /src/pages/gis/GisMapPage.tsx, /src/components/shared/LocationCascader.tsx, /src/pages/floorplan/FloorPlanPage.tsx, /src/pages/floorplan/components/FloorPlanCreateDialog.tsx, /src/pages/floorplan/components/FloorPlanCanvas.tsx, /src/pages/audit/AuditDashboardPage.tsx, /src/pages/manufacturers/ManufacturerPage.tsx, /src/pages/energy/EnergyDashboardPage.tsx, /src/pages/licenses/SoftwareLicensePage.tsx, /src/pages/sam/SamDashboardPage.tsx, /src/pages/system/PostManagement.tsx, /src/pages/system/MenuManagement.tsx, /src/pages/system/custom-fields/index.tsx, /src/pages/settings/SlaConfigTab.tsx, /src/pages/settings/WebhookConfigTab.tsx, /src/pages/settings/SysConfigTab.tsx, /src/pages/settings/NotificationTemplateTab.tsx, /src/pages/settings/NotificationPreferenceTab.tsx, /src/pages/settings/NotificationBizSwitchTab.tsx, /src/pages/settings/MailTemplateTab.tsx, /src/pages/settings/MailLogTab.tsx, /src/pages/settings/NotificationChannelTab.tsx
9:07:57 PM [vite] (client) page reload src/vite-env.d.ts
9:07:57 PM [vite] vite.config.ts changed, restarting server...
9:07:57 PM [vite] server restarted.
